driver_id,had_claim,total_miles,records,mean_speed,std_speed,accel_mean,accel_var,harsh_rate,pct_night,road_type_highway,road_type_rural,road_type_urban
D00000,1,69.372,90,54.233444444444444,16.937919904732283,1.2777444444444443,0.6913116530586765,0.13333333333333333,0.28888888888888886,0.5,0.2222222222222222,0.2777777777777778
D00001,1,62.671,80,48.757625000000004,18.625022045267723,0.9906625,0.3787384542721518,0.1125,0.3875,0.4625,0.15,0.3875
D00002,1,74.71,90,50.49077777777778,18.255851777097824,1.4431333333333334,0.6920641393258429,0.2111111111111111,0.4,0.4777777777777778,0.07777777777777778,0.4444444444444444
D00003,1,72.66,98,47.96132653061225,19.212563417397902,1.257204081632653,0.42991362802440564,0.11224489795918367,0.47959183673469385,0.3673469387755102,0.1836734693877551,0.4489795918367347
D00004,1,82.27,105,48.7047619047619,16.9666953229894,0.8156285714285715,0.22070662032967028,0.047619047619047616,0.2571428571428571,0.44761904761904764,0.12380952380952381,0.42857142857142855
D00005,0,81.792,105,49.101333333333336,19.437924176260466,1.2360190476190478,0.7026991534798535,0.12380952380952381,0.3904761904761905,0.41904761904761906,0.12380952380952381,0.45714285714285713
D00006,0,70.591,88,51.94375,18.783857052689207,1.1950681818181819,0.44970254702194357,0.2159090909090909,0.32954545454545453,0.48863636363636365,0.10227272727272728,0.4090909090909091
D00007,1,69.725,89,50.75528089887641,18.67587141023312,1.2740224719101123,0.4578097267620022,0.19101123595505617,0.4044943820224719,0.47191011235955055,0.10112359550561797,0.42696629213483145
D00008,0,88.161,105,47.17438095238096,19.29462728743865,0.9116000000000001,0.15571520384615387,0.047619047619047616,0.26666666666666666,0.41904761904761906,0.09523809523809523,0.4857142857142857
D00009,0,91.362,106,51.68037735849057,19.016459132853377,0.9659433962264151,0.3600703586702606,0.12264150943396226,0.3584905660377358,0.49056603773584906,0.18867924528301888,0.32075471698113206
D00010,1,69.937,87,44.82229885057471,16.716870583207143,0.9884482758620691,0.34453066880513245,0.05747126436781609,0.28735632183908044,0.3333333333333333,0.10344827586206896,0.5632183908045977
D00011,1,71.716,84,55.0370238095238,18.979262670543836,1.40825,0.6537641656626507,0.16666666666666666,0.30952380952380953,0.5,0.15476190476190477,0.34523809523809523
D00012,0,76.111,91,48.698461538461544,17.933786048999302,1.19310989010989,0.430028898901099,0.18681318681318682,0.25274725274725274,0.3956043956043956,0.15384615384615385,0.45054945054945056
D00013,1,70.036,86,50.427674418604646,20.074689517746624,1.3538720930232557,0.6378490775649791,0.1744186046511628,0.32558139534883723,0.45348837209302323,0.12790697674418605,0.4186046511627907
D00014,0,80.49,96,49.258229166666666,16.19811496471388,0.9842604166666667,0.39416943673245597,0.07291666666666667,0.4375,0.4583333333333333,0.16666666666666666,0.375
D00015,1,75.638,106,50.09783018867925,18.513762757407154,0.9692735849056603,0.25733570539083545,0.0660377358490566,0.2641509433962264,0.4716981132075472,0.14150943396226415,0.3867924528301887
D00016,0,72.546,96,48.71395833333333,19.285736287906325,1.19778125,0.4057435621710527,0.08333333333333333,0.375,0.4375,0.09375,0.46875
D00017,1,66.684,85,49.93635294117647,18.96432602389592,0.8962000000000001,0.14720701904761904,0.10588235294117647,0.3411764705882353,0.4823529411764706,0.17647058823529413,0.3411764705882353
D00018,0,77.888,102,54.055294117647065,18.402526823156506,1.3204313725490195,0.6191453764317608,0.1568627450980392,0.3333333333333333,0.5490196078431373,0.08823529411764706,0.3627450980392157
D00019,1,77.036,90,53.00311111111111,18.730686751085532,1.1183333333333334,0.4748373483146068,0.13333333333333333,0.32222222222222224,0.5111111111111111,0.08888888888888889,0.4
D00020,1,77.138,101,53.35752475247524,16.934375300313892,1.0846732673267325,0.4871438621782177,0.1485148514851485,0.26732673267326734,0.46534653465346537,0.18811881188118812,0.3465346534653465
D00021,1,88.605,103,52.55407766990291,17.987117363622545,1.0152038834951456,0.2420922815533981,0.06796116504854369,0.39805825242718446,0.4854368932038835,0.17475728155339806,0.33980582524271846
D00022,1,68.736,92,54.39717391304348,17.49515250451493,1.5220760869565217,0.6966287084328712,0.14130434782608695,0.3804347826086957,0.5,0.17391304347826086,0.32608695652173914
D00023,1,85.93599999999999,108,52.80083333333333,18.554003277374466,1.2414722222222223,0.5620786627725854,0.1574074074074074,0.2777777777777778,0.4444444444444444,0.14814814814814814,0.4074074074074074
D00024,1,89.49,109,47.50348623853211,16.27492603249658,1.3043577981651377,0.466823546721033,0.14678899082568808,0.3302752293577982,0.3486238532110092,0.1559633027522936,0.4954128440366973
D00025,1,95.306,120,44.43775,18.768727945081164,0.9138750000000001,0.2152858581932773,0.075,0.39166666666666666,0.375,0.125,0.5
D00026,1,60.367,77,50.554935064935066,18.27521420591408,0.9845584415584414,0.36469759193438145,0.07792207792207792,0.3116883116883117,0.45454545454545453,0.15584415584415584,0.38961038961038963
D00027,0,74.876,92,49.061521739130434,17.721736013415633,0.8512826086956522,0.1940396115623507,0.03260869565217391,0.2826086956521739,0.45652173913043476,0.25,0.29347826086956524
D00028,0,77.867,97,49.77742268041237,18.638292364016706,0.9532474226804124,0.1954003339776632,0.08247422680412371,0.29896907216494845,0.4845360824742268,0.1134020618556701,0.4020618556701031
D00029,1,79.982,103,47.55776699029126,17.45541384258083,1.1633980582524273,0.6774991831334474,0.11650485436893204,0.32038834951456313,0.3300970873786408,0.17475728155339806,0.49514563106796117
D00030,0,91.605,113,48.986194690265485,19.02686556080376,1.2689203539823009,0.5952841810998738,0.1504424778761062,0.3893805309734513,0.40707964601769914,0.17699115044247787,0.415929203539823
D00031,0,88.576,112,49.652857142857144,17.53050172876666,1.3577589285714284,0.7637743287483916,0.21428571428571427,0.38392857142857145,0.4107142857142857,0.15178571428571427,0.4375
D00032,1,70.755,85,50.074352941176464,18.345899077700924,0.8541882352941176,0.2589243450980393,0.15294117647058825,0.25882352941176473,0.49411764705882355,0.1411764705882353,0.36470588235294116
D00033,0,84.092,105,49.09428571428571,17.92122811173852,1.0415333333333334,0.2651039435897435,0.10476190476190476,0.3142857142857143,0.41904761904761906,0.20952380952380953,0.37142857142857144
D00034,0,75.542,101,48.483861386138614,16.569906515746975,1.0689702970297028,0.4626129891089109,0.0891089108910891,0.297029702970297,0.42574257425742573,0.16831683168316833,0.40594059405940597
D00035,1,79.777,105,48.587714285714284,17.42984372900636,0.9164285714285714,0.2907069972527472,0.0761904761904762,0.3238095238095238,0.47619047619047616,0.14285714285714285,0.38095238095238093
D00036,0,84.759,99,50.85454545454546,17.445797299456657,0.8644444444444445,0.2045261882086167,0.06060606060606061,0.31313131313131315,0.5050505050505051,0.16161616161616163,0.3333333333333333
D00037,0,72.931,95,48.474210526315794,17.524191217501244,1.1196947368421053,0.34585429944008966,0.09473684210526316,0.3368421052631579,0.3894736842105263,0.14736842105263157,0.4631578947368421
D00038,1,82.232,97,45.47010309278351,17.65814469154657,0.8909690721649485,0.2427332177835052,0.08247422680412371,0.3917525773195876,0.30927835051546393,0.18556701030927836,0.5051546391752577
D00039,1,72.976,97,52.19659793814433,19.561836510931492,1.1871752577319588,0.5254192085481099,0.13402061855670103,0.32989690721649484,0.44329896907216493,0.14432989690721648,0.41237113402061853
D00040,1,91.699,108,49.648148148148145,17.815855384478482,1.116,0.3697608785046731,0.1574074074074074,0.32407407407407407,0.4722222222222222,0.1388888888888889,0.3888888888888889
D00041,1,71.485,92,51.80358695652174,17.26757130752577,1.300663043478261,0.5632736764214045,0.1956521739130435,0.2826086956521739,0.5,0.13043478260869565,0.3695652173913043
D00042,1,77.072,96,49.184687499999995,17.342851823590028,1.3497916666666667,0.5696503350877192,0.10416666666666667,0.34375,0.4166666666666667,0.16666666666666666,0.4166666666666667
D00043,0,72.508,95,47.810842105263156,18.278219899311036,1.0106526315789475,0.28149425039193726,0.042105263157894736,0.3684210526315789,0.43157894736842106,0.17894736842105263,0.3894736842105263
D00044,1,69.854,91,52.23516483516483,18.43375233777175,1.301967032967033,0.5500478766788768,0.08791208791208792,0.2857142857142857,0.4945054945054945,0.15384615384615385,0.3516483516483517
D00045,1,88.135,101,48.52772277227723,17.174637514730158,1.3690495049504952,0.5915948075247528,0.12871287128712872,0.3564356435643564,0.3564356435643564,0.1485148514851485,0.49504950495049505
D00046,1,69.827,89,51.67494382022472,18.03857634749858,1.1062359550561798,0.3934590914198161,0.12359550561797752,0.3258426966292135,0.4943820224719101,0.11235955056179775,0.39325842696629215
D00047,1,80.822,99,52.36929292929293,17.610497232056105,0.9652828282828283,0.2272901640898784,0.10101010101010101,0.3434343434343434,0.5252525252525253,0.15151515151515152,0.32323232323232326
D00048,1,83.004,103,48.46796116504854,18.258228838312945,1.1741650485436892,0.5179736881781839,0.20388349514563106,0.32038834951456313,0.3883495145631068,0.17475728155339806,0.4368932038834951
D00049,1,87.249,115,46.74,17.75135779338504,0.8372521739130435,0.17641254111365356,0.0782608695652174,0.30434782608695654,0.4260869565217391,0.1565217391304348,0.41739130434782606
D00050,1,86.515,106,48.333679245283015,18.448193940534264,0.9009433962264151,0.2851337872416893,0.07547169811320754,0.29245283018867924,0.44339622641509435,0.14150943396226415,0.41509433962264153
D00051,1,78.49,96,46.15270833333333,17.733321206383536,0.8176562500000001,0.15849494374999995,0.041666666666666664,0.3958333333333333,0.3645833333333333,0.21875,0.4166666666666667
D00052,1,76.693,94,48.77787234042553,20.090736263174403,1.2283085106382978,0.4380543016472203,0.1276595744680851,0.3404255319148936,0.39361702127659576,0.1276595744680851,0.4787234042553192
D00053,1,75.323,92,49.49826086956522,17.673615562529314,1.161195652173913,0.5482539612995703,0.18478260869565216,0.40217391304347827,0.4673913043478261,0.15217391304347827,0.3804347826086957
D00054,1,72.685,88,47.79590909090909,17.269415169989962,1.3790113636363637,0.6284197125130617,0.09090909090909091,0.32954545454545453,0.42045454545454547,0.125,0.45454545454545453
D00055,1,74.175,98,50.842959183673464,18.66170306419135,1.1911632653061224,0.41768918956448586,0.1836734693877551,0.3469387755102041,0.45918367346938777,0.15306122448979592,0.3877551020408163
D00056,0,83.314,105,47.963523809523814,18.076706163806527,1.0172095238095238,0.32163541721611727,0.11428571428571428,0.4,0.3523809523809524,0.2571428571428571,0.3904761904761905
D00057,1,88.676,105,51.44990476190476,18.15054298272549,1.2285809523809523,0.47889453424908435,0.08571428571428572,0.3333333333333333,0.49523809523809526,0.11428571428571428,0.3904761904761905
D00058,1,95.881,117,47.8391452991453,19.05155177735551,0.8773162393162394,0.25840287326849387,0.10256410256410256,0.20512820512820512,0.4017094017094017,0.2222222222222222,0.37606837606837606
D00059,0,78.899,97,50.15773195876289,17.809100172919244,0.8133092783505155,0.16617432001718213,0.07216494845360824,0.29896907216494845,0.4329896907216495,0.16494845360824742,0.4020618556701031
D00060,1,69.114,92,50.70782608695652,18.743184773190208,1.2019565217391304,0.4357105035833734,0.10869565217391304,0.358695652173913,0.44565217391304346,0.14130434782608695,0.41304347826086957
D00061,0,71.061,93,49.54139784946237,18.656351791151796,1.100752688172043,0.36247042730247775,0.10752688172043011,0.3010752688172043,0.43010752688172044,0.1935483870967742,0.3763440860215054
D00062,1,64.409,86,48.51395348837209,19.25902082167149,1.273093023255814,0.4577578735978113,0.11627906976744186,0.3953488372093023,0.4418604651162791,0.11627906976744186,0.4418604651162791
D00063,1,84.79,101,53.519504950495055,18.989129120432967,1.2033366336633664,0.5721948855445543,0.1485148514851485,0.42574257425742573,0.5148514851485149,0.16831683168316833,0.31683168316831684
D00064,1,95.854,112,53.353125,17.74671821108099,1.2611875,0.48486276632882913,0.13392857142857142,0.32142857142857145,0.5178571428571429,0.13392857142857142,0.3482142857142857
D00065,1,62.836,84,52.510000000000005,16.721544936405877,1.0155595238095239,0.38946145424555373,0.09523809523809523,0.30952380952380953,0.4642857142857143,0.17857142857142858,0.35714285714285715
D00066,1,82.343,102,49.366470588235295,17.56175015788681,1.1427156862745098,0.54121432430596,0.1568627450980392,0.30392156862745096,0.4117647058823529,0.19607843137254902,0.39215686274509803
D00067,1,75.06,93,48.46763440860215,19.06590539919301,0.9433655913978495,0.32044958228144,0.08602150537634409,0.3225806451612903,0.45161290322580644,0.10752688172043011,0.44086021505376344
D00068,0,75.666,96,48.44552083333334,18.667805885212715,0.7934583333333333,0.16736730350877188,0.03125,0.3645833333333333,0.4583333333333333,0.14583333333333334,0.3958333333333333
D00069,1,83.951,106,47.80650943396226,17.511129198174178,1.0583396226415094,0.33570864546271334,0.10377358490566038,0.27358490566037735,0.41509433962264153,0.1509433962264151,0.4339622641509434
D00070,1,80.07,104,50.89692307692307,18.29453990786943,0.9652692307692308,0.24404091710231507,0.07692307692307693,0.36538461538461536,0.5288461538461539,0.08653846153846154,0.38461538461538464
D00071,1,79.09,101,50.27108910891089,19.25695629641352,1.0606237623762376,0.24982253702970297,0.06930693069306931,0.37623762376237624,0.46534653465346537,0.1782178217821782,0.3564356435643564
D00072,1,86.863,106,52.76443396226415,18.071380640337868,1.2220377358490566,0.6156324366576819,0.16981132075471697,0.3584905660377358,0.5094339622641509,0.16037735849056603,0.330188679245283
D00073,1,75.577,95,48.30747368421053,17.452703989025753,0.9771894736842105,0.2542743254199327,0.09473684210526316,0.37894736842105264,0.4105263157894737,0.21052631578947367,0.37894736842105264
D00074,1,72.883,92,48.64119565217391,17.875538866380992,0.9131521739130435,0.17217975680840894,0.043478260869565216,0.2826086956521739,0.45652173913043476,0.17391304347826086,0.3695652173913043
D00075,1,84.242,101,48.29653465346534,18.133487664299086,1.0881782178217823,0.23905294792079215,0.12871287128712872,0.33663366336633666,0.48514851485148514,0.13861386138613863,0.37623762376237624
D00076,1,81.111,99,45.4820202020202,18.399582125900334,0.9168989898989899,0.32707570397856106,0.0707070707070707,0.35353535353535354,0.3838383838383838,0.1414141414141414,0.47474747474747475
D00077,0,66.757,90,51.55433333333334,17.106291769109042,1.1267777777777777,0.4640461747815231,0.13333333333333333,0.3333333333333333,0.4666666666666667,0.16666666666666666,0.36666666666666664
D00078,1,74.988,91,51.29758241758242,19.15599681797724,1.135934065934066,0.3096482178266179,0.13186813186813187,0.4175824175824176,0.42857142857142855,0.15384615384615385,0.4175824175824176
D00079,1,63.077,83,52.510963855421686,18.683613115766804,1.1803132530120481,0.5759961445783132,0.0963855421686747,0.3132530120481928,0.4819277108433735,0.1566265060240964,0.3614457831325301
D00080,1,84.722,108,51.561851851851856,18.737985217107486,1.1274351851851852,0.5992943415541708,0.12037037037037036,0.3148148148148148,0.4351851851851852,0.16666666666666666,0.39814814814814814
D00081,0,93.219,114,48.97052631578948,18.718925061892644,1.1281842105263158,0.3384436383325571,0.07894736842105263,0.2807017543859649,0.4473684210526316,0.11403508771929824,0.43859649122807015
D00082,1,79.059,101,48.84772277227723,18.34699288064331,1.1314059405940595,0.5017585635643561,0.1485148514851485,0.36633663366336633,0.37623762376237624,0.19801980198019803,0.42574257425742573
D00083,1,84.321,103,51.77504854368932,18.42307562376046,0.8159126213592233,0.25044219817247304,0.038834951456310676,0.2815533980582524,0.5339805825242718,0.11650485436893204,0.34951456310679613
D00084,1,80.997,99,49.93818181818182,18.164295340912926,0.7620404040404041,0.1742667738610595,0.050505050505050504,0.31313131313131315,0.47474747474747475,0.1414141414141414,0.3838383838383838
D00085,0,86.513,101,47.415346534653466,18.766609100439883,0.8490495049504951,0.23579454752475257,0.0891089108910891,0.26732673267326734,0.42574257425742573,0.15841584158415842,0.4158415841584158
D00086,0,73.77,91,51.95252747252748,18.677772683855867,1.1108351648351649,0.44823796141636113,0.10989010989010989,0.34065934065934067,0.5054945054945055,0.13186813186813187,0.3626373626373626
D00087,1,80.634,100,49.6647,18.215012592569753,1.0854300000000001,0.4600800253535352,0.12,0.34,0.43,0.19,0.38
D00088,0,78.771,93,47.255268817204296,18.006336239332764,0.8615913978494624,0.20454452688172037,0.13978494623655913,0.3333333333333333,0.41935483870967744,0.10752688172043011,0.4731182795698925
D00089,1,78.418,96,49.14302083333334,18.50222843590194,1.1351666666666667,0.4000895719298246,0.13541666666666666,0.23958333333333334,0.46875,0.13541666666666666,0.3958333333333333
D00090,0,70.256,91,48.65395604395604,19.198008801789886,0.8826923076923078,0.223240370940171,0.14285714285714285,0.4175824175824176,0.4725274725274725,0.0989010989010989,0.42857142857142855
D00091,0,93.218,112,50.62785714285714,18.806116621828718,1.3510803571428571,0.5014835520431143,0.14285714285714285,0.39285714285714285,0.4642857142857143,0.08928571428571429,0.44642857142857145
D00092,0,86.132,112,52.362500000000004,18.330199298052005,1.1491964285714287,0.34525102413127423,0.0625,0.29464285714285715,0.5178571428571429,0.13392857142857142,0.3482142857142857
D00093,1,77.515,88,47.99329545454545,18.477502550653437,0.9710113636363636,0.34413380446708464,0.06818181818181818,0.3409090909090909,0.36363636363636365,0.22727272727272727,0.4090909090909091
D00094,1,77.676,101,48.811683168316826,17.46446461070633,0.9401980198019801,0.27929578039603953,0.0594059405940594,0.24752475247524752,0.44554455445544555,0.09900990099009901,0.45544554455445546
D00095,1,86.049,105,48.81219047619047,17.223676569732564,1.1761523809523808,0.43121763040293054,0.0761904761904762,0.3904761904761905,0.4,0.1523809523809524,0.44761904761904764
D00096,1,65.198,82,48.697560975609754,19.865513983523538,1.0443414634146342,0.27889640048178266,0.08536585365853659,0.32926829268292684,0.43902439024390244,0.10975609756097561,0.45121951219512196
D00097,0,89.696,110,47.3770909090909,16.983718719741347,0.8847909090909091,0.19675521276063385,0.06363636363636363,0.2636363636363636,0.4,0.19090909090909092,0.4090909090909091
D00098,1,85.21900000000001,97,47.42350515463917,19.32439380470301,0.9501649484536082,0.138708535008591,0.061855670103092786,0.31958762886597936,0.4639175257731959,0.12371134020618557,0.41237113402061853
D00099,1,80.366,95,52.89936842105263,18.073897059461565,1.4152842105263157,0.6084465460246362,0.18947368421052632,0.29473684210526313,0.4105263157894737,0.22105263157894736,0.3684210526315789
D00100,1,75.813,99,50.40393939393939,17.688168178375445,1.3584444444444443,0.5590756984126984,0.25252525252525254,0.2727272727272727,0.46464646464646464,0.10101010101010101,0.43434343434343436
D00101,1,88.508,103,52.41631067961165,18.81309024819808,1.1404368932038835,0.529167993527508,0.13592233009708737,0.30097087378640774,0.47572815533980584,0.14563106796116504,0.3786407766990291
D00102,0,65.782,84,48.22428571428571,19.028705473935144,1.0136190476190476,0.2759365760183592,0.03571428571428571,0.35714285714285715,0.42857142857142855,0.13095238095238096,0.44047619047619047
D00103,1,83.082,103,51.78116504854369,16.994291734889426,1.4301844660194174,0.7400490930896632,0.1262135922330097,0.36893203883495146,0.4174757281553398,0.17475728155339806,0.4077669902912621
D00104,1,68.874,81,50.27765432098765,19.22332341659507,1.1483950617283951,0.5968138919753087,0.14814814814814814,0.2839506172839506,0.4444444444444444,0.07407407407407407,0.48148148148148145
D00105,1,84.32,99,50.25666666666667,18.663760913293213,1.334989898989899,0.45192982642754076,0.1111111111111111,0.3333333333333333,0.4444444444444444,0.12121212121212122,0.43434343434343436
D00106,0,76.366,95,49.70368421052632,16.82034792646398,1.0192210526315788,0.36654057827547587,0.08421052631578947,0.35789473684210527,0.4631578947368421,0.17894736842105263,0.35789473684210527
D00107,1,73.302,97,53.2320618556701,19.304587966019902,0.9380000000000001,0.22994433333333333,0.08247422680412371,0.32989690721649484,0.5360824742268041,0.1134020618556701,0.35051546391752575
D00108,0,83.966,111,48.968738738738736,19.053760502951885,0.8289099099099099,0.18853550090090093,0.05405405405405406,0.34234234234234234,0.46846846846846846,0.12612612612612611,0.40540540540540543
D00109,1,78.812,103,53.22796116504854,19.179862670960613,1.3112427184466018,0.629735754235675,0.18446601941747573,0.33980582524271846,0.46601941747572817,0.17475728155339806,0.3592233009708738
D00110,0,79.112,101,48.12188118811881,17.649509778623955,1.116039603960396,0.3165834184158415,0.13861386138613863,0.2871287128712871,0.4158415841584158,0.16831683168316833,0.4158415841584158
D00111,1,85.013,109,49.69614678899082,18.229990751316045,0.99751376146789,0.22876880767923885,0.09174311926605505,0.29357798165137616,0.46788990825688076,0.13761467889908258,0.3944954128440367
D00112,1,75.655,98,50.41122448979592,18.22763090426385,1.0365816326530612,0.3389940396591628,0.10204081632653061,0.32653061224489793,0.4897959183673469,0.09183673469387756,0.41836734693877553
D00113,1,81.303,101,48.17366336633663,16.812072847972804,1.1384653465346535,0.3847881712871288,0.1188118811881188,0.2871287128712871,0.37623762376237624,0.12871287128712872,0.49504950495049505
D00114,1,76.614,95,49.76189473684211,17.12025665289929,0.937178947368421,0.30906261657334827,0.10526315789473684,0.3263157894736842,0.4631578947368421,0.18947368421052632,0.3473684210526316
D00115,1,83.314,103,49.23941747572815,18.516167541952427,1.4274466019417478,0.7396650338853991,0.18446601941747573,0.2912621359223301,0.3883495145631068,0.11650485436893204,0.49514563106796117
D00116,1,77.738,95,51.988,19.42147986122582,1.1497894736842105,0.7000402956326985,0.09473684210526316,0.37894736842105264,0.49473684210526314,0.11578947368421053,0.3894736842105263
D00117,1,86.092,103,52.661747572815536,17.94821463769458,1.1547087378640777,0.44900624766799935,0.13592233009708737,0.27184466019417475,0.4854368932038835,0.1941747572815534,0.32038834951456313
D00118,1,72.004,89,52.13191011235955,19.616311792879532,0.9130112359550562,0.4266389885086822,0.21348314606741572,0.33707865168539325,0.4943820224719101,0.14606741573033707,0.3595505617977528
D00119,1,91.854,120,50.682,18.32528530966632,1.2753416666666666,0.5064652856442575,0.13333333333333333,0.35833333333333334,0.43333333333333335,0.14166666666666666,0.425
D00120,0,66.788,84,46.63738095238095,20.116948325365254,1.1848452380952381,0.5925279637119909,0.10714285714285714,0.2976190476190476,0.38095238095238093,0.17857142857142858,0.44047619047619047
D00121,1,67.655,90,52.044777777777774,19.01073867006548,1.1698111111111111,0.39327019987515616,0.13333333333333333,0.32222222222222224,0.5,0.13333333333333333,0.36666666666666664
D00122,0,74.651,94,47.4636170212766,17.079755787019415,0.8317340425531914,0.18588391775337446,0.0425531914893617,0.3404255319148936,0.40425531914893614,0.19148936170212766,0.40425531914893614
D00123,0,83.978,109,50.18954128440367,18.98266667375506,1.0812201834862385,0.29223196958885495,0.05504587155963303,0.23853211009174313,0.46788990825688076,0.13761467889908258,0.3944954128440367
D00124,1,87.28,105,48.112857142857145,18.150360333056206,0.8647333333333334,0.22102573589743607,0.05714285714285714,0.3333333333333333,0.4380952380952381,0.1619047619047619,0.4
D00125,1,73.027,93,49.48924731182796,18.52179152738266,1.118462365591398,0.34525499041608226,0.06451612903225806,0.2903225806451613,0.43010752688172044,0.17204301075268819,0.3978494623655914
D00126,1,79.778,102,47.00127450980392,17.871361828553148,0.9403039215686274,0.2754110255290236,0.06862745098039216,0.37254901960784315,0.4215686274509804,0.09803921568627451,0.4803921568627451
D00127,1,97.84,112,51.027589285714285,18.102719483399696,0.8733392857142858,0.23290354150579146,0.08928571428571429,0.3392857142857143,0.49107142857142855,0.20535714285714285,0.30357142857142855
D00128,1,61.439,82,45.03280487804878,17.634876378218184,0.8601097560975609,0.1727664199036435,0.024390243902439025,0.3170731707317073,0.36585365853658536,0.18292682926829268,0.45121951219512196
D00129,1,82.217,102,54.1135294117647,19.573486747626813,1.2381078431372547,0.5030409486507474,0.11764705882352941,0.3627450980392157,0.5784313725490197,0.06862745098039216,0.35294117647058826
D00130,1,82.876,101,48.04485148514851,18.578419502953494,0.9602574257425743,0.20183667306930692,0.07920792079207921,0.31683168316831684,0.4158415841584158,0.1485148514851485,0.43564356435643564
D00131,1,80.617,105,52.21828571428571,17.745779208737908,1.3705809523809525,0.7259734188644689,0.10476190476190476,0.2761904761904762,0.47619047619047616,0.10476190476190476,0.41904761904761906
D00132,1,82.183,108,50.26101851851851,18.730941713047905,1.285648148148148,0.4752864544825197,0.1111111111111111,0.25925925925925924,0.4537037037037037,0.1388888888888889,0.4074074074074074
D00133,1,94.87,117,49.92307692307692,18.341154988522323,1.0824700854700855,0.31567497539051004,0.1282051282051282,0.3162393162393162,0.4700854700854701,0.1282051282051282,0.4017094017094017
D00134,0,75.626,93,49.79344086021506,19.335261969342305,1.253290322580645,0.44212696914446,0.12903225806451613,0.34408602150537637,0.41935483870967744,0.12903225806451613,0.45161290322580644
D00135,0,78.794,99,46.93222222222222,18.046281688105168,0.8045151515151515,0.13973468089053798,0.050505050505050504,0.3939393939393939,0.45454545454545453,0.16161616161616163,0.3838383838383838
D00136,1,76.817,103,49.688155339805824,16.717166869194543,1.3887281553398056,0.755442592042642,0.18446601941747573,0.22330097087378642,0.4077669902912621,0.1262135922330097,0.46601941747572817
D00137,0,90.477,113,52.651858407079644,18.668008566446375,1.05770796460177,0.2916608871681416,0.10619469026548672,0.39823008849557523,0.48672566371681414,0.1504424778761062,0.36283185840707965
D00138,1,69.755,94,49.8663829787234,20.073756893235988,1.2022340425531914,0.6210218801189655,0.14893617021276595,0.2553191489361702,0.40425531914893614,0.1595744680851064,0.43617021276595747
D00139,1,72.643,98,48.29581632653061,18.327330778115304,0.8704795918367347,0.23169027277508952,0.030612244897959183,0.3469387755102041,0.41836734693877553,0.12244897959183673,0.45918367346938777
D00140,0,76.873,96,52.163125,19.570177220642854,1.0361666666666667,0.4419504561403507,0.14583333333333334,0.28125,0.46875,0.125,0.40625
D00141,1,90.606,109,51.00165137614679,18.607295687532403,1.0734036697247706,0.3829521318382603,0.08256880733944955,0.3944954128440367,0.47706422018348627,0.1559633027522936,0.3669724770642202
D00142,0,77.744,99,48.89545454545454,18.602496665481205,1.4606060606060605,0.7233354044526902,0.2222222222222222,0.3333333333333333,0.40404040404040403,0.12121212121212122,0.47474747474747475
D00143,1,73.06,96,47.64947916666667,17.367118499884633,1.1593541666666667,0.428772020614035,0.11458333333333333,0.4166666666666667,0.3854166666666667,0.19791666666666666,0.4166666666666667
D00144,1,97.269,108,50.14425925925926,17.84414850573636,1.0431018518518518,0.36265809233298707,0.08333333333333333,0.26851851851851855,0.4722222222222222,0.12037037037037036,0.4074074074074074
D00145,0,79.003,93,51.424838709677424,18.35492408834534,0.9707526881720431,0.24426831860682566,0.08602150537634409,0.34408602150537637,0.5268817204301075,0.10752688172043011,0.3655913978494624
D00146,0,69.432,90,49.17888888888889,19.101151176817865,0.9423111111111112,0.2623683515605494,0.08888888888888889,0.34444444444444444,0.4777777777777778,0.15555555555555556,0.36666666666666664
D00147,1,89.781,110,52.52045454545455,17.447831356863468,1.1087909090909092,0.5514658366138449,0.10909090909090909,0.32727272727272727,0.5272727272727272,0.16363636363636364,0.3090909090909091
D00148,1,76.225,96,50.687083333333334,17.508648324195416,1.0508541666666666,0.35212496798245624,0.09375,0.3541666666666667,0.5208333333333334,0.11458333333333333,0.3645833333333333
D00149,1,82.245,100,47.3182,18.446773629373062,0.89845,0.1435369166666667,0.03,0.39,0.42,0.18,0.4
D00150,1,64.921,89,51.252808988764045,19.011278290719716,1.2301685393258426,0.6019023008171603,0.1348314606741573,0.3258426966292135,0.4606741573033708,0.19101123595505617,0.34831460674157305
D00151,1,67.996,95,50.92610526315789,16.49120379944288,1.4305368421052633,0.6543687832026874,0.1368421052631579,0.3368421052631579,0.4,0.22105263157894736,0.37894736842105264
D00152,1,86.832,102,47.593725490196086,17.84668213453209,0.9522549019607842,0.22706837002523778,0.0392156862745098,0.38235294117647056,0.4019607843137255,0.20588235294117646,0.39215686274509803
D00153,1,85.042,107,53.8222429906542,17.534328449268127,1.0949158878504675,0.4384816249338739,0.17757009345794392,0.308411214953271,0.4766355140186916,0.16822429906542055,0.35514018691588783
D00154,1,79.179,101,46.38267326732673,19.461649873075462,0.8694752475247524,0.17478747188118812,0.0594059405940594,0.38613861386138615,0.42574257425742573,0.1485148514851485,0.42574257425742573
D00155,0,80.166,106,48.86047169811321,19.35598336836272,1.229509433962264,0.5158139475292004,0.14150943396226415,0.33962264150943394,0.4056603773584906,0.14150943396226415,0.4528301886792453
D00156,1,86.534,112,47.94,18.864027686062716,0.9839107142857142,0.30572874871299865,0.125,0.3392857142857143,0.4375,0.14285714285714285,0.41964285714285715
D00157,1,64.031,86,47.8996511627907,16.638005921784963,1.1431976744186045,0.4212885134062927,0.11627906976744186,0.23255813953488372,0.4418604651162791,0.16279069767441862,0.3953488372093023
D00158,0,78.848,95,50.30505263157895,17.80942703235016,1.249778947368421,0.4558719825307951,0.11578947368421053,0.29473684210526313,0.43157894736842106,0.12631578947368421,0.4421052631578947
D00159,0,88.883,105,52.62876190476191,20.296166400770506,1.2779333333333334,0.6026776012820514,0.17142857142857143,0.3523809523809524,0.47619047619047616,0.10476190476190476,0.41904761904761906
D00160,1,77.08,89,49.22797752808989,18.161627891830275,0.877561797752809,0.18035913534218592,0.06741573033707865,0.2696629213483146,0.4943820224719101,0.12359550561797752,0.38202247191011235
D00161,0,80.016,106,54.65103773584906,18.06298155682975,1.284,0.6981927428571433,0.1320754716981132,0.36792452830188677,0.5283018867924528,0.09433962264150944,0.37735849056603776
D00162,1,68.397,88,51.347159090909095,17.79384776469805,0.9856931818181818,0.2860527668495298,0.045454545454545456,0.29545454545454547,0.4772727272727273,0.18181818181818182,0.3409090909090909
D00163,1,85.499,104,51.668173076923075,16.214401830688516,0.8505192307692307,0.1662968734129947,0.057692307692307696,0.28846153846153844,0.5,0.15384615384615385,0.34615384615384615
D00164,1,75.469,98,51.50091836734694,17.71088785556621,1.1197653061224488,0.4288880783715546,0.14285714285714285,0.2755102040816326,0.5102040816326531,0.15306122448979592,0.336734693877551
D00165,0,73.66,88,49.67352272727273,17.739624394407283,1.0098977272727272,0.33041664459247644,0.09090909090909091,0.32954545454545453,0.5,0.13636363636363635,0.36363636363636365
D00166,1,69.883,86,50.69290697674419,18.486056867512122,1.2612558139534884,0.5758466632010945,0.1511627906976744,0.26744186046511625,0.43023255813953487,0.16279069767441862,0.4069767441860465
D00167,0,85.25,104,52.11846153846154,18.322770584221196,1.3853557692307692,0.6060944644324123,0.125,0.3269230769230769,0.46153846153846156,0.19230769230769232,0.34615384615384615
D00168,1,79.041,101,48.859900990099014,16.858923482538824,0.9991881188118813,0.22978219425742583,0.0594059405940594,0.3564356435643564,0.43564356435643564,0.12871287128712872,0.43564356435643564
D00169,1,74.12,94,48.54617021276596,18.934029392762255,1.4118191489361704,0.8089720422100207,0.11702127659574468,0.2978723404255319,0.3723404255319149,0.13829787234042554,0.48936170212765956
D00170,1,92.699,117,48.4725641025641,18.06657955499535,0.923991452991453,0.2792757154435604,0.09401709401709402,0.3418803418803419,0.37606837606837606,0.20512820512820512,0.4188034188034188
D00171,1,86.913,115,49.57408695652173,19.108646104768503,1.1089826086956522,0.4000625435545386,0.10434782608695652,0.3565217391304348,0.4608695652173913,0.14782608695652175,0.391304347826087
D00172,1,92.318,106,47.202547169811325,18.64035698929154,1.0715283018867925,0.26403969919137465,0.14150943396226415,0.3490566037735849,0.37735849056603776,0.2169811320754717,0.4056603773584906
D00173,1,96.278,113,50.76814159292036,18.15861516061181,1.5932654867256637,0.8263182146017699,0.168141592920354,0.46017699115044247,0.4247787610619469,0.1504424778761062,0.4247787610619469
D00174,0,78.987,98,47.650510204081634,18.800167709958743,0.8766938775510204,0.2397862970755312,0.07142857142857142,0.25510204081632654,0.4387755102040816,0.11224489795918367,0.4489795918367347
D00175,1,93.786,113,49.95079646017699,17.549785058797372,0.8284070796460177,0.16701383280657406,0.07079646017699115,0.37168141592920356,0.504424778761062,0.10619469026548672,0.3893805309734513
D00176,1,86.427,109,46.89440366972477,17.691041959514983,1.0676605504587156,0.3065412262996941,0.11009174311926606,0.3761467889908257,0.41284403669724773,0.12844036697247707,0.45871559633027525
D00177,0,81.252,102,54.04588235294118,17.83686139603236,1.4299019607843138,0.6549720496990875,0.18627450980392157,0.28431372549019607,0.4803921568627451,0.16666666666666666,0.35294117647058826
D00178,1,88.112,103,52.68553398058252,18.543111914319322,1.2686504854368932,0.5694418374262326,0.10679611650485436,0.39805825242718446,0.4563106796116505,0.1553398058252427,0.3883495145631068
D00179,0,92.902,111,51.490090090090085,17.249633645411162,1.3057207207207207,0.5659660940212938,0.15315315315315314,0.3333333333333333,0.4954954954954955,0.18018018018018017,0.32432432432432434
D00180,1,76.631,90,51.40277777777778,18.786558009922274,1.1321444444444444,0.6660457429463171,0.18888888888888888,0.3333333333333333,0.43333333333333335,0.16666666666666666,0.4
D00181,1,84.471,108,54.86120370370371,19.502952267174503,1.4658425925925926,0.718659199290412,0.19444444444444445,0.35185185185185186,0.5555555555555556,0.1111111111111111,0.3333333333333333
D00182,1,83.325,102,50.38058823529411,17.77900429467183,1.1879803921568628,0.3158160986216268,0.11764705882352941,0.3627450980392157,0.4117647058823529,0.17647058823529413,0.4117647058823529
D00183,1,81.725,105,50.15771428571429,18.622768439215992,1.0204380952380951,0.28500584468864465,0.10476190476190476,0.3333333333333333,0.4857142857142857,0.11428571428571428,0.4
D00184,1,76.868,95,50.299157894736844,18.86621756581752,1.1491368421052632,0.4873917789473683,0.1368421052631579,0.2631578947368421,0.42105263157894735,0.15789473684210525,0.42105263157894735
D00185,0,79.881,93,50.4452688172043,17.589708242840647,1.2801720430107526,0.35584931790556323,0.15053763440860216,0.3333333333333333,0.41935483870967744,0.17204301075268819,0.40860215053763443
D00186,1,71.941,87,49.011954022988505,17.89335870294563,1.1040919540229885,0.3037141542368351,0.16091954022988506,0.3333333333333333,0.42528735632183906,0.16091954022988506,0.41379310344827586
D00187,1,70.192,88,46.11363636363637,17.26813078036699,0.8740909090909091,0.21029872727272728,0.06818181818181818,0.32954545454545453,0.375,0.14772727272727273,0.4772727272727273
D00188,0,80.658,108,51.4125,18.272928913416326,1.2533148148148148,0.595057395292489,0.1388888888888889,0.3425925925925926,0.4537037037037037,0.14814814814814814,0.39814814814814814
D00189,1,94.705,112,50.08669642857143,18.131455539450943,0.9654821428571428,0.34069259427284426,0.05357142857142857,0.35714285714285715,0.42857142857142855,0.16964285714285715,0.4017857142857143
D00190,1,63.925,77,52.29727272727273,18.15384471648996,1.488194805194805,0.7678399483937115,0.11688311688311688,0.2987012987012987,0.4805194805194805,0.16883116883116883,0.35064935064935066
D00191,0,68.523,90,45.83155555555556,19.447940817666037,0.9926555555555555,0.30111270024968795,0.05555555555555555,0.34444444444444444,0.3888888888888889,0.14444444444444443,0.4666666666666667
D00192,0,90.054,113,49.00831858407079,18.170023385405127,0.8561238938053097,0.21051643094184566,0.07964601769911504,0.2831858407079646,0.4778761061946903,0.1504424778761062,0.37168141592920356
D00193,0,74.688,97,52.06443298969072,18.77497891527179,1.2560824742268042,0.6729605764604812,0.17525773195876287,0.35051546391752575,0.5154639175257731,0.09278350515463918,0.3917525773195876
D00194,1,77.394,101,48.29009900990099,17.393497836550846,0.9051188118811881,0.16516950574257425,0.0891089108910891,0.39603960396039606,0.45544554455445546,0.13861386138613863,0.40594059405940597
D00195,1,92.75,108,47.50685185185185,18.575889591314006,0.884425925925926,0.1962576860505365,0.06481481481481481,0.3148148148148148,0.4444444444444444,0.1574074074074074,0.39814814814814814
D00196,1,83.886,100,48.205,19.952780140961192,1.22794,0.37504132969696985,0.17,0.28,0.39,0.15,0.46
D00197,1,89.594,113,51.494601769911505,17.790402861986635,1.5196991150442478,0.7236666765170672,0.21238938053097345,0.3008849557522124,0.504424778761062,0.13274336283185842,0.36283185840707965
D00198,1,86.742,106,47.76462264150943,18.635066135011286,0.9137641509433961,0.24087237241689133,0.0660377358490566,0.330188679245283,0.4339622641509434,0.11320754716981132,0.4528301886792453
D00199,1,78.437,96,47.888749999999995,18.772812662548947,1.0210208333333333,0.27553665219298246,0.08333333333333333,0.3125,0.4479166666666667,0.10416666666666667,0.4479166666666667
D00200,0,76.162,94,48.78531914893617,18.336014253764453,1.282723404255319,0.6132773635323726,0.1276595744680851,0.3404255319148936,0.40425531914893614,0.1276595744680851,0.46808510638297873
D00201,1,58.759,80,47.094125000000005,18.41315226787292,1.2944625,0.6539937454113923,0.15,0.2625,0.3625,0.15,0.4875
D00202,1,82.741,106,47.96801886792453,18.38777121685633,1.1056415094339622,0.3100194321653189,0.08490566037735849,0.27358490566037735,0.39622641509433965,0.20754716981132076,0.39622641509433965
D00203,1,87.126,101,46.26534653465347,18.337960168151554,0.9027227722772277,0.21871242237623761,0.06930693069306931,0.3564356435643564,0.38613861386138615,0.1782178217821782,0.43564356435643564
D00204,1,82.366,101,51.646831683168315,19.181746840717768,0.797049504950495,0.18376776752475243,0.0297029702970297,0.31683168316831684,0.6039603960396039,0.07920792079207921,0.31683168316831684
D00205,1,84.935,106,48.89367924528302,19.25636099358298,0.9798867924528302,0.2329991680143756,0.10377358490566038,0.39622641509433965,0.46226415094339623,0.14150943396226415,0.39622641509433965
D00206,1,85.656,109,48.79385321100917,18.139521662006455,0.911862385321101,0.22210780496092433,0.05504587155963303,0.3211009174311927,0.41284403669724773,0.1926605504587156,0.3944954128440367
D00207,0,81.912,104,51.14134615384615,17.674407094198138,1.2149326923076922,0.6315313061053028,0.08653846153846154,0.38461538461538464,0.46153846153846156,0.16346153846153846,0.375
D00208,0,66.629,89,46.51067415730337,19.502042363776397,0.9626966292134832,0.17556503192032688,0.06741573033707865,0.3258426966292135,0.42696629213483145,0.0898876404494382,0.48314606741573035
D00209,1,74.984,92,49.578913043478266,18.05738961435631,1.0664021739130434,0.37923244087434305,0.10869565217391304,0.3695652173913043,0.4782608695652174,0.14130434782608695,0.3804347826086957
D00210,1,75.456,95,50.32052631578947,17.23494035002677,1.310484210526316,0.5303288055991042,0.1368421052631579,0.3368421052631579,0.42105263157894735,0.10526315789473684,0.47368421052631576
D00211,1,81.19,101,51.88653465346535,17.478077264713278,1.1499009900990098,0.53651893009901,0.13861386138613863,0.3465346534653465,0.48514851485148514,0.18811881188118812,0.32673267326732675
D00212,1,91.674,116,48.869051724137925,18.322200835073815,0.9543362068965517,0.25118952946026973,0.10344827586206896,0.35344827586206895,0.4482758620689655,0.1810344827586207,0.3706896551724138
D00213,1,84.054,105,52.47295238095238,19.271642076248156,1.2566666666666666,0.5144980512820512,0.18095238095238095,0.3523809523809524,0.4666666666666667,0.1619047619047619,0.37142857142857144
D00214,0,79.277,101,52.116336633663366,19.289060823314976,1.1725445544554454,0.5409388304950492,0.06930693069306931,0.3564356435643564,0.5148514851485149,0.09900990099009901,0.38613861386138615
D00215,1,71.483,91,51.82659340659341,19.049211020102657,1.21289010989011,0.5874641655677656,0.13186813186813187,0.27472527472527475,0.5164835164835165,0.13186813186813187,0.3516483516483517
D00216,1,69.673,86,51.16546511627907,17.86882968990986,0.8642325581395348,0.23286467469220248,0.06976744186046512,0.32558139534883723,0.5581395348837209,0.11627906976744186,0.32558139534883723
D00217,0,76.538,99,47.56848484848484,17.654883718378375,0.9241717171717171,0.17168487837559268,0.09090909090909091,0.32323232323232326,0.41414141414141414,0.18181818181818182,0.40404040404040403
D00218,1,92.569,115,52.81304347826087,18.18356155519117,1.3809565217391304,0.5827625331807783,0.19130434782608696,0.3565217391304348,0.45217391304347826,0.1565217391304348,0.391304347826087
D00219,0,68.623,83,47.576265060240964,17.422643922377553,0.9778795180722891,0.35513176579488687,0.0963855421686747,0.3132530120481928,0.42168674698795183,0.1686746987951807,0.40963855421686746
D00220,1,65.35,86,52.59604651162791,18.356652602647408,0.9768255813953489,0.2137125692202462,0.03488372093023256,0.3023255813953488,0.5813953488372093,0.08139534883720931,0.3372093023255814
D00221,1,96.892,118,51.08322033898305,19.350514464830123,1.1169237288135594,0.3867113189193105,0.11016949152542373,0.3559322033898305,0.5,0.11864406779661017,0.3813559322033898
D00222,0,80.271,102,51.9564705882353,18.76622934042804,1.2052941176470588,0.5297574175888178,0.08823529411764706,0.23529411764705882,0.4215686274509804,0.19607843137254902,0.38235294117647056
D00223,0,74.211,99,52.87050505050505,19.08739226871686,1.4525757575757576,0.7797482671614102,0.15151515151515152,0.32323232323232326,0.48484848484848486,0.13131313131313133,0.3838383838383838
D00224,1,93.442,119,47.46521008403361,18.392569513337403,0.9879915966386554,0.2862524151830224,0.16806722689075632,0.3865546218487395,0.3865546218487395,0.18487394957983194,0.42857142857142855
D00225,0,61.8,80,50.144999999999996,17.38602326765069,1.4648249999999998,0.8154381715189873,0.1875,0.3625,0.45,0.1375,0.4125
D00226,1,66.934,83,48.9933734939759,17.090640733333384,0.7996024096385542,0.14227485218924482,0.0,0.2891566265060241,0.4457831325301205,0.18072289156626506,0.37349397590361444
D00227,1,59.580999999999996,79,52.94531645569621,16.755248763194192,1.172367088607595,0.4997113122362868,0.1518987341772152,0.3670886075949367,0.5063291139240507,0.189873417721519,0.3037974683544304
D00228,1,73.94800000000001,95,50.24547368421052,17.839969156567474,1.173515789473684,0.5394231034714444,0.15789473684210525,0.42105263157894735,0.42105263157894735,0.12631578947368421,0.45263157894736844
D00229,1,76.348,95,49.027368421052635,17.97353528554397,0.8062842105263157,0.18150454602463606,0.021052631578947368,0.29473684210526313,0.4,0.21052631578947367,0.3894736842105263
D00230,0,95.775,115,49.14713043478261,19.286519915871136,0.9236434782608696,0.23025688054919902,0.10434782608695652,0.34782608695652173,0.48695652173913045,0.12173913043478261,0.391304347826087
D00231,0,69.322,90,48.37722222222222,18.694786452694775,1.0194777777777777,0.3640772635455681,0.1111111111111111,0.35555555555555557,0.43333333333333335,0.15555555555555556,0.4111111111111111
D00232,1,73.397,96,54.14895833333333,19.459709332992652,1.4997395833333333,0.6787126577850879,0.17708333333333334,0.3333333333333333,0.4270833333333333,0.20833333333333334,0.3645833333333333
D00233,1,82.217,108,49.39435185185185,19.239374408056023,1.2759814814814816,0.3635194202146071,0.12962962962962962,0.3148148148148148,0.4074074074074074,0.16666666666666666,0.42592592592592593
D00234,1,67.005,88,54.508863636363635,18.436939770990257,1.360159090909091,0.5930428249738767,0.18181818181818182,0.29545454545454547,0.5454545454545454,0.09090909090909091,0.36363636363636365
D00235,0,89.362,114,50.12921052631579,17.130263761523267,1.3642894736842104,0.42773753493246397,0.19298245614035087,0.3333333333333333,0.4473684210526316,0.13157894736842105,0.42105263157894735
D00236,1,70.541,92,50.43902173913044,18.982780980608823,1.102086956521739,0.4031953330148111,0.11956521739130435,0.358695652173913,0.4673913043478261,0.14130434782608695,0.391304347826087
D00237,1,72.704,93,52.13010752688172,18.87879172940433,1.284763440860215,0.4382336390836841,0.12903225806451613,0.3870967741935484,0.4731182795698925,0.11827956989247312,0.40860215053763443
D00238,0,86.677,112,47.95196428571428,17.170279992642516,0.8012232142857142,0.21528792269948516,0.08035714285714286,0.26785714285714285,0.44642857142857145,0.20535714285714285,0.3482142857142857
D00239,0,82.541,99,51.00454545454545,17.669364775706974,0.8426262626262626,0.20774409358895066,0.08080808080808081,0.2727272727272727,0.47474747474747475,0.15151515151515152,0.37373737373737376
D00240,0,87.482,107,51.401869158878505,18.840284926081313,1.2742990654205606,0.5601457776406278,0.1308411214953271,0.32710280373831774,0.5233644859813084,0.1308411214953271,0.34579439252336447
D00241,0,73.144,92,55.73,20.103235593274068,1.2216195652173913,0.6013368756569519,0.09782608695652174,0.31521739130434784,0.5434782608695652,0.06521739130434782,0.391304347826087
D00242,1,78.756,95,53.14452631578948,16.8178542265021,0.9208210526315789,0.25601270167973117,0.09473684210526316,0.28421052631578947,0.5263157894736842,0.14736842105263157,0.3263157894736842
D00243,1,77.622,94,51.46553191489362,17.54127921776929,1.207755319148936,0.4092802728208647,0.07446808510638298,0.30851063829787234,0.5,0.20212765957446807,0.2978723404255319
D00244,1,82.745,99,50.49141414141414,18.87830938740905,1.2438888888888888,0.5896227528344673,0.06060606060606061,0.40404040404040403,0.45454545454545453,0.1414141414141414,0.40404040404040403
D00245,1,83.531,107,56.43439252336448,17.624651859404956,1.3628317757009347,0.6316357638864397,0.1588785046728972,0.2897196261682243,0.5700934579439252,0.14018691588785046,0.2897196261682243
D00246,1,76.336,97,50.584123711340204,18.999261485240325,1.2821546391752576,0.43325434042096217,0.12371134020618557,0.422680412371134,0.44329896907216493,0.17525773195876287,0.38144329896907214
D00247,1,81.259,100,46.6599,17.690814171498868,0.99482,0.32820657333333336,0.12,0.32,0.36,0.17,0.47
D00248,1,86.43,106,47.240188679245286,18.081779041272306,1.0350566037735849,0.29406260628930814,0.12264150943396226,0.41509433962264153,0.33962264150943394,0.22641509433962265,0.4339622641509434
D00249,1,80.452,99,48.60414141414142,19.20478341828054,1.2021010101010101,0.3883734182642755,0.06060606060606061,0.36363636363636365,0.43434343434343436,0.13131313131313133,0.43434343434343436
D00250,1,80.17699999999999,101,47.688811881188116,18.635818323171577,1.1103564356435645,0.5108143316831684,0.19801980198019803,0.3564356435643564,0.37623762376237624,0.09900990099009901,0.5247524752475248
D00251,1,72.111,91,49.09494505494506,19.22200546674603,1.3802967032967033,0.6260289665445664,0.14285714285714285,0.34065934065934067,0.4065934065934066,0.15384615384615385,0.43956043956043955
D00252,1,81.364,101,48.944455445544556,16.755444755377138,1.0019702970297029,0.36342246910891085,0.12871287128712872,0.31683168316831684,0.38613861386138615,0.2376237623762376,0.37623762376237624
D00253,0,70.423,87,50.173793103448276,18.62669060479957,0.8449310344827586,0.24093913472333603,0.08045977011494253,0.2988505747126437,0.41379310344827586,0.19540229885057472,0.39080459770114945
D00254,1,69.452,86,47.879767441860466,19.50754291379403,0.9591279069767442,0.22948317168262652,0.06976744186046512,0.4186046511627907,0.3953488372093023,0.1511627906976744,0.45348837209302323
D00255,1,76.093,99,52.74151515151515,17.640849935771257,1.2175858585858585,0.4451180818387961,0.15151515151515152,0.3434343434343434,0.5050505050505051,0.10101010101010101,0.3939393939393939
D00256,0,72.414,84,49.3752380952381,19.381260697067358,1.4006309523809524,0.6929394163798048,0.11904761904761904,0.34523809523809523,0.42857142857142855,0.16666666666666666,0.40476190476190477
D00257,1,78.167,99,47.97525252525253,19.10754634251867,0.7833535353535355,0.15859161863533291,0.050505050505050504,0.3333333333333333,0.46464646464646464,0.1414141414141414,0.3939393939393939
D00258,0,77.713,91,48.54714285714286,18.627527675501845,0.7738021978021977,0.1602024715506715,0.04395604395604396,0.38461538461538464,0.42857142857142855,0.1978021978021978,0.37362637362637363
D00259,1,97.204,116,50.47456896551724,19.356708011177542,1.160301724137931,0.4510783690404798,0.12931034482758622,0.29310344827586204,0.4224137931034483,0.15517241379310345,0.4224137931034483
D00260,0,68.556,92,49.58815217391304,17.275126686728598,0.9777391304347826,0.18068894218824652,0.05434782608695652,0.33695652173913043,0.40217391304347827,0.2391304347826087,0.358695652173913
D00261,1,87.462,103,54.61970873786408,17.16810297377833,1.39673786407767,0.6203718423757851,0.13592233009708737,0.32038834951456313,0.5339805825242718,0.13592233009708737,0.3300970873786408
D00262,1,78.812,99,46.341818181818184,18.699732256275777,0.9815959595959596,0.3266101207998352,0.12121212121212122,0.3838383838383838,0.35353535353535354,0.1717171717171717,0.47474747474747475
D00263,1,88.279,106,49.21839622641509,16.81517642951733,0.9199056603773585,0.21742214339622642,0.0660377358490566,0.29245283018867924,0.4811320754716981,0.11320754716981132,0.4056603773584906
D00264,1,97.03,113,51.76893805309735,18.2823225198371,1.4565486725663717,0.7135324284134009,0.1592920353982301,0.3185840707964602,0.4690265486725664,0.13274336283185842,0.39823008849557523
D00265,1,72.99,86,50.971395348837206,19.334061693278716,0.9490465116279069,0.22104279781121752,0.011627906976744186,0.37209302325581395,0.47674418604651164,0.13953488372093023,0.38372093023255816
D00266,1,86.674,109,49.40963302752293,19.000661047301868,0.9179174311926606,0.2887453727488956,0.07339449541284404,0.3302752293577982,0.45871559633027525,0.14678899082568808,0.3944954128440367
D00267,0,86.606,115,48.71226086956521,19.890666199531253,0.8691130434782608,0.16728910114416476,0.034782608695652174,0.25217391304347825,0.46956521739130436,0.12173913043478261,0.40869565217391307
D00268,0,87.519,110,49.36263636363637,17.320601175938243,0.8043,0.18715617522935785,0.05454545454545454,0.32727272727272727,0.4818181818181818,0.1,0.41818181818181815
D00269,1,68.453,87,50.15310344827586,18.997820701843846,0.8027586206896552,0.1288953247794708,0.09195402298850575,0.39080459770114945,0.4827586206896552,0.13793103448275862,0.3793103448275862
D00270,0,73.893,88,50.085795454545455,19.13568266574561,0.7470795454545454,0.14533664877220479,0.07954545454545454,0.32954545454545453,0.48863636363636365,0.1590909090909091,0.3522727272727273
D00271,1,65.203,79,49.50291139240506,17.35977262286834,1.0433037974683543,0.21034008601103543,0.0379746835443038,0.24050632911392406,0.4430379746835443,0.10126582278481013,0.45569620253164556
D00272,1,75.977,97,46.848453608247425,19.1645526917648,0.7880618556701031,0.14628770446735392,0.08247422680412371,0.41237113402061853,0.38144329896907214,0.14432989690721648,0.4742268041237113
D00273,1,83.071,102,47.40980392156863,16.671088270403597,1.039107843137255,0.3730676813240147,0.11764705882352941,0.37254901960784315,0.37254901960784315,0.18627450980392157,0.4411764705882353
D00274,1,77.21,99,52.42282828282828,17.990095406515177,1.215919191919192,0.5560085852401564,0.08080808080808081,0.3333333333333333,0.46464646464646464,0.16161616161616163,0.37373737373737376
D00275,0,86.978,105,48.6907619047619,19.355701887758183,1.043304761904762,0.3340612139194141,0.05714285714285714,0.3333333333333333,0.42857142857142855,0.13333333333333333,0.4380952380952381
D00276,1,77.984,93,48.32623655913979,17.698852880660304,0.9889354838709677,0.29466845231416555,0.0967741935483871,0.2903225806451613,0.4838709677419355,0.0967741935483871,0.41935483870967744
D00277,1,85.739,107,51.2303738317757,18.257198938130642,1.0973271028037384,0.3361900712396403,0.07476635514018691,0.308411214953271,0.4205607476635514,0.22429906542056074,0.35514018691588783
D00278,1,69.687,95,51.94957894736842,18.570676949805044,1.3289578947368421,0.6607225301231802,0.18947368421052632,0.3157894736842105,0.47368421052631576,0.12631578947368421,0.4
D00279,1,78.304,94,47.11765957446809,18.48758446660207,1.3448510638297873,0.7769484937085334,0.14893617021276595,0.18085106382978725,0.3617021276595745,0.11702127659574468,0.5212765957446809
D00280,0,71.883,88,46.89386363636363,18.089179875795708,0.7523181818181818,0.13326208150470223,0.03409090909090909,0.32954545454545453,0.38636363636363635,0.17045454545454544,0.4431818181818182
D00281,1,88.123,113,50.27327433628319,18.408761279933195,0.8373362831858407,0.1909408501896334,0.04424778761061947,0.3008849557522124,0.49557522123893805,0.1415929203539823,0.36283185840707965
D00282,1,67.474,89,45.240674157303374,17.9094029897548,0.9851573033707866,0.24913395224719104,0.06741573033707865,0.3595505617977528,0.34831460674157305,0.1348314606741573,0.5168539325842697
D00283,1,77.857,91,48.76769230769231,18.7251152245037,0.8961978021978022,0.272259093772894,0.0989010989010989,0.2967032967032967,0.4725274725274725,0.12087912087912088,0.4065934065934066
D00284,1,81.023,94,52.640851063829786,19.443222533667313,1.1221489361702128,0.3662632248913292,0.09574468085106383,0.26595744680851063,0.5106382978723404,0.1276595744680851,0.3617021276595745
D00285,1,78.362,105,48.331523809523816,18.39606243303966,1.1011523809523809,0.38915878424908423,0.0761904761904762,0.3047619047619048,0.41904761904761906,0.17142857142857143,0.4095238095238095
D00286,1,81.392,103,50.05543689320388,18.596175433099834,0.8386893203883495,0.2023554711593376,0.06796116504854369,0.3106796116504854,0.5339805825242718,0.0970873786407767,0.36893203883495146
D00287,1,71.841,93,51.31301075268817,18.179871740169503,1.0753010752688172,0.22652227793361385,0.10752688172043011,0.3870967741935484,0.5161290322580645,0.12903225806451613,0.3548387096774194
D00288,0,85.677,105,48.92038095238095,18.254419797987882,1.3449714285714287,0.4039381241758241,0.1619047619047619,0.3238095238095238,0.38095238095238093,0.13333333333333333,0.4857142857142857
D00289,0,92.63,120,43.862833333333334,17.06061872361296,0.856075,0.14755645651260507,0.06666666666666667,0.3,0.3416666666666667,0.125,0.5333333333333333
D00290,1,72.762,93,50.64827956989247,17.58622333975586,1.1821182795698923,0.5963853010752687,0.17204301075268819,0.44086021505376344,0.44086021505376344,0.15053763440860216,0.40860215053763443
D00291,0,62.017,84,46.30154761904762,17.472551381892853,0.841952380952381,0.16711445553643145,0.07142857142857142,0.23809523809523808,0.4166666666666667,0.10714285714285714,0.47619047619047616
D00292,1,62.135,88,49.27477272727273,17.069841859173113,1.3465795454545455,0.7760413269331244,0.23863636363636365,0.2840909090909091,0.3409090909090909,0.2159090909090909,0.4431818181818182
D00293,0,76.28,96,50.212604166666665,20.35999903033767,0.8601458333333333,0.1802884627192982,0.09375,0.34375,0.5,0.125,0.375
D00294,1,84.32,103,50.36495145631068,17.343141938574504,1.2734563106796115,0.5245598387588044,0.18446601941747573,0.3300970873786408,0.44660194174757284,0.18446601941747573,0.36893203883495146
D00295,1,79.742,102,52.086666666666666,18.538390529718143,1.350450980392157,0.7150642104445739,0.17647058823529413,0.3333333333333333,0.49019607843137253,0.12745098039215685,0.38235294117647056
D00296,1,84.927,103,50.72009708737864,18.061487002336758,1.319504854368932,0.7013238210546358,0.1262135922330097,0.30097087378640774,0.4368932038834951,0.1262135922330097,0.4368932038834951
D00297,0,76.969,93,52.968602150537635,19.00221615172693,1.3521935483870968,0.5068110490883592,0.17204301075268819,0.26881720430107525,0.5053763440860215,0.15053763440860216,0.34408602150537637
D00298,1,91.368,110,53.155545454545454,18.74019702570213,1.2386181818181818,0.5122512657214349,0.11818181818181818,0.3181818181818182,0.5,0.15454545454545454,0.34545454545454546
D00299,1,76.942,92,49.94619565217391,19.164563787055332,1.1419239130434782,0.4784976534878166,0.16304347826086957,0.2608695652173913,0.41304347826086957,0.17391304347826086,0.41304347826086957
D00300,1,74.245,94,48.56223404255319,18.853503661965114,1.3475851063829787,0.5980440518188056,0.1276595744680851,0.3617021276595745,0.40425531914893614,0.18085106382978725,0.4148936170212766
D00301,1,71.608,92,47.103043478260865,15.51777525540339,0.8896521739130435,0.2516660974677497,0.05434782608695652,0.2717391304347826,0.391304347826087,0.21739130434782608,0.391304347826087
D00302,1,83.961,103,46.9909708737864,18.499172875763357,1.2070582524271845,0.4350082318675042,0.0970873786407767,0.3592233009708738,0.39805825242718446,0.14563106796116504,0.4563106796116505
D00303,1,81.851,105,50.75609523809524,17.918697180450614,1.0330285714285714,0.4506925087912086,0.12380952380952381,0.3238095238095238,0.4666666666666667,0.19047619047619047,0.34285714285714286
D00304,1,93.775,111,51.99558558558559,19.525501212735037,1.3664864864864865,0.5777688520884522,0.10810810810810811,0.35135135135135137,0.4954954954954955,0.09009009009009009,0.4144144144144144
D00305,1,77.014,98,54.330510204081634,18.428970378768984,1.050295918367347,0.32356297338523027,0.12244897959183673,0.3163265306122449,0.5408163265306123,0.12244897959183673,0.336734693877551
D00306,1,74.156,102,47.27205882352941,17.86220005399063,1.1628529411764705,0.261045235585323,0.10784313725490197,0.3333333333333333,0.43137254901960786,0.12745098039215685,0.4411764705882353
D00307,0,83.974,103,49.99271844660194,18.173109481425353,1.2711941747572815,0.39205727565200843,0.1262135922330097,0.34951456310679613,0.46601941747572817,0.14563106796116504,0.3883495145631068
D00308,1,83.767,99,48.24393939393939,19.04427713161298,0.9398383838383838,0.23377191238919806,0.06060606060606061,0.3434343434343434,0.42424242424242425,0.20202020202020202,0.37373737373737376
D00309,0,74.081,90,47.534000000000006,19.816430976066638,0.8125333333333333,0.25985207191011234,0.07777777777777778,0.3888888888888889,0.37777777777777777,0.12222222222222222,0.5
D00310,1,79.468,98,49.264489795918365,18.472152466545886,1.031408163265306,0.3329818316852513,0.11224489795918367,0.35714285714285715,0.46938775510204084,0.12244897959183673,0.40816326530612246
D00311,0,81.579,98,50.813265306122446,19.39021082468662,1.1369081632653062,0.3514304966337052,0.1326530612244898,0.3163265306122449,0.46938775510204084,0.15306122448979592,0.37755102040816324
D00312,1,77.54,96,49.084062499999995,19.083281334200965,0.9196770833333333,0.3039752314692981,0.09375,0.28125,0.4375,0.14583333333333334,0.4166666666666667
D00313,1,67.779,97,51.02340206185568,17.625594486817903,0.9021237113402062,0.24188527620274905,0.041237113402061855,0.31958762886597936,0.4948453608247423,0.14432989690721648,0.36082474226804123
D00314,0,72.938,99,49.057272727272725,19.593604788515417,1.139060606060606,0.3677905677179964,0.12121212121212122,0.3434343434343434,0.494949494949495,0.08080808080808081,0.42424242424242425
D00315,1,75.743,98,52.960204081632654,18.444359626177782,0.9819081632653062,0.2624685584893753,0.10204081632653061,0.41836734693877553,0.5102040816326531,0.14285714285714285,0.3469387755102041
D00316,0,101.451,130,47.77230769230769,18.70401434913929,0.9641461538461539,0.35197907149672053,0.16153846153846155,0.2923076923076923,0.3769230769230769,0.16153846153846155,0.46153846153846156
D00317,0,77.125,91,49.747692307692304,19.011818258764034,1.338010989010989,0.5346436332112332,0.14285714285714285,0.4175824175824176,0.43956043956043955,0.16483516483516483,0.3956043956043956
D00318,1,79.57300000000001,100,51.2122,18.350804049210627,1.01967,0.28303618292929295,0.06,0.38,0.5,0.15,0.35
D00319,1,89.604,106,50.45132075471698,18.58993655438707,1.4072358490566037,0.7317914771787958,0.18867924528301888,0.330188679245283,0.3867924528301887,0.16037735849056603,0.4528301886792453
D00320,1,78.32,100,51.9907,19.651247641014677,1.19992,0.6165656096969696,0.19,0.33,0.48,0.18,0.34
D00321,1,82.728,107,50.0803738317757,18.20431324202175,1.0220467289719626,0.40778583741844454,0.1308411214953271,0.35514018691588783,0.42990654205607476,0.205607476635514,0.3644859813084112
D00322,1,68.994,94,49.045851063829794,19.18952399066564,1.068,0.3349355268817204,0.06382978723404255,0.3723404255319149,0.4574468085106383,0.14893617021276595,0.39361702127659576
D00323,1,91.023,100,50.6696,18.806509345909404,1.0892600000000001,0.44822993171717157,0.11,0.33,0.48,0.14,0.38
D00324,0,89.596,116,49.17465517241379,16.37166818044193,1.2417758620689654,0.6127614449775117,0.1724137931034483,0.35344827586206895,0.4051724137931034,0.13793103448275862,0.45689655172413796
D00325,1,71.339,86,54.69848837209302,19.350408751873154,1.2311162790697674,0.4812207392612857,0.11627906976744186,0.37209302325581395,0.5,0.1744186046511628,0.32558139534883723
D00326,1,80.293,98,48.91510204081633,17.559357433990424,1.3641326530612246,0.5857139719124763,0.16326530612244897,0.2857142857142857,0.37755102040816324,0.15306122448979592,0.46938775510204084
D00327,0,75.695,96,49.32635416666667,19.316830900581667,1.1418854166666665,0.44476064989035086,0.13541666666666666,0.3333333333333333,0.4270833333333333,0.14583333333333334,0.4270833333333333
D00328,0,70.378,94,52.40744680851064,18.047158650230855,1.092212765957447,0.33286214779226714,0.06382978723404255,0.425531914893617,0.48936170212765956,0.11702127659574468,0.39361702127659576
D00329,1,75.918,96,52.406979166666666,18.131218911026398,1.0034270833333332,0.27744068936403515,0.10416666666666667,0.34375,0.4791666666666667,0.22916666666666666,0.2916666666666667
D00330,1,79.564,95,50.257263157894734,18.436153395013815,1.2243157894736842,0.553506282194849,0.12631578947368421,0.3157894736842105,0.43157894736842106,0.14736842105263157,0.42105263157894735
D00331,1,89.92399999999999,111,49.447657657657665,18.31091983961061,0.9165855855855856,0.22096124488124494,0.0990990990990991,0.25225225225225223,0.5225225225225225,0.13513513513513514,0.34234234234234234
D00332,1,101.932,122,49.39704918032787,18.038328141205128,1.1853852459016392,0.5358782057309308,0.10655737704918032,0.319672131147541,0.4672131147540984,0.13934426229508196,0.39344262295081966
D00333,1,79.389,103,52.96553398058252,18.625577434299554,1.3473495145631067,0.7525738178183901,0.1262135922330097,0.39805825242718446,0.4854368932038835,0.1553398058252427,0.3592233009708738
D00334,1,69.485,93,51.27397849462365,17.69269568886163,0.9136021505376345,0.19455061173445537,0.08602150537634409,0.3225806451612903,0.4731182795698925,0.1935483870967742,0.3333333333333333
D00335,1,79.772,108,49.782777777777774,18.169935105677958,1.2161018518518518,0.47161317644513656,0.14814814814814814,0.3055555555555556,0.4444444444444444,0.14814814814814814,0.4074074074074074
D00336,1,95.339,111,49.31810810810811,18.767520856934706,0.7987297297297298,0.16310585356265364,0.06306306306306306,0.2072072072072072,0.46846846846846846,0.16216216216216217,0.36936936936936937
D00337,0,69.849,91,49.88615384615385,18.70195977664318,1.3162637362637364,0.5564527296703298,0.13186813186813187,0.3076923076923077,0.3956043956043956,0.12087912087912088,0.4835164835164835
D00338,0,84.807,107,47.498317757009346,17.99447622193687,0.9123925233644861,0.17844750484923283,0.056074766355140186,0.32710280373831774,0.4392523364485981,0.16822429906542055,0.3925233644859813
D00339,0,78.399,99,53.43151515151516,19.37264399703852,1.4005555555555556,0.7641471065759637,0.15151515151515152,0.43434343434343436,0.5555555555555556,0.15151515151515152,0.29292929292929293
D00340,1,79.337,102,48.04147058823529,18.781655279652025,0.8386078431372549,0.2099892308289652,0.08823529411764706,0.29411764705882354,0.4019607843137255,0.1568627450980392,0.4411764705882353
D00341,0,96.896,124,51.703629032258064,18.717610304297402,1.3948467741935484,0.6627912202334115,0.1774193548387097,0.29838709677419356,0.5080645161290323,0.056451612903225805,0.43548387096774194
D00342,0,74.06,86,52.85988372093023,17.74303465616436,1.3592906976744186,0.3502188674418605,0.11627906976744186,0.29069767441860467,0.4418604651162791,0.1744186046511628,0.38372093023255816
D00343,1,87.774,108,50.125648148148144,18.966152944651245,1.0502222222222222,0.43250406230529603,0.1388888888888889,0.3425925925925926,0.4166666666666667,0.17592592592592593,0.4074074074074074
D00344,1,75.513,98,50.317346938775515,18.459143882875555,1.3811632653061225,0.5475240967809802,0.09183673469387756,0.3877551020408163,0.41836734693877553,0.15306122448979592,0.42857142857142855
D00345,1,79.268,101,52.39,18.369627160070504,1.4694356435643565,0.6685081883168321,0.12871287128712872,0.297029702970297,0.4752475247524752,0.15841584158415842,0.36633663366336633
D00346,1,74.037,93,54.03010752688172,18.51205004118784,1.4484408602150538,0.6565994448340348,0.1935483870967742,0.34408602150537637,0.5053763440860215,0.13978494623655913,0.3548387096774194
D00347,1,91.079,113,48.30522123893805,17.9245838812701,1.0348053097345131,0.2598355510429836,0.07964601769911504,0.34513274336283184,0.4336283185840708,0.17699115044247787,0.3893805309734513
D00348,1,74.749,95,50.29652631578947,18.011729970454127,1.2480105263157895,0.41418973393057107,0.15789473684210525,0.45263157894736844,0.4421052631578947,0.1368421052631579,0.42105263157894735
D00349,1,75.697,93,49.4805376344086,19.44954718180793,0.9138817204301075,0.23822256194483393,0.07526881720430108,0.3870967741935484,0.4731182795698925,0.11827956989247312,0.40860215053763443
D00350,1,83.651,115,48.26678260869566,18.41524938014765,1.1871739130434784,0.5281512852784136,0.0782608695652174,0.40869565217391307,0.43478260869565216,0.13043478260869565,0.43478260869565216
D00351,1,67.194,80,50.704875,19.130531300313606,0.9153874999999999,0.28782143022151896,0.0625,0.2625,0.5125,0.15,0.3375
D00352,0,83.921,102,50.6171568627451,18.775487515388168,1.1178627450980392,0.42252673344981556,0.11764705882352941,0.28431372549019607,0.4215686274509804,0.18627450980392157,0.39215686274509803
D00353,1,81.932,105,49.252761904761904,17.957977469596482,1.1896666666666667,0.4700906666666667,0.13333333333333333,0.37142857142857144,0.42857142857142855,0.1523809523809524,0.41904761904761906
D00354,1,80.662,95,48.72894736842105,16.842366190063057,1.0919999999999999,0.3243674893617022,0.11578947368421053,0.4,0.3894736842105263,0.2,0.4105263157894737
D00355,0,87.558,104,48.972500000000004,17.841608495013006,1.1440288461538461,0.33386697974234486,0.09615384615384616,0.33653846153846156,0.4230769230769231,0.1346153846153846,0.4423076923076923
D00356,1,85.552,104,50.55538461538462,18.539913643512133,1.3023173076923078,0.48668926727035117,0.11538461538461539,0.3557692307692308,0.4326923076923077,0.1346153846153846,0.4326923076923077
D00357,1,79.139,99,50.16444444444444,18.716318058795764,1.2721111111111112,0.5619666507936508,0.09090909090909091,0.2828282828282828,0.42424242424242425,0.18181818181818182,0.3939393939393939
D00358,0,74.449,93,49.46333333333334,18.759084253475315,1.0435268817204302,0.30734501285647503,0.17204301075268819,0.26881720430107525,0.41935483870967744,0.16129032258064516,0.41935483870967744
D00359,1,77.199,97,53.19030927835052,18.422583652816378,1.2816082474226804,0.4725356782646049,0.18556701030927836,0.26804123711340205,0.5360824742268041,0.13402061855670103,0.32989690721649484
D00360,1,92.907,110,54.32127272727273,18.268030686264332,1.3466,0.5724831412844034,0.19090909090909092,0.3,0.5,0.16363636363636364,0.33636363636363636
D00361,1,88.874,114,48.88570175438597,17.5195450889186,0.9154035087719298,0.21212141096103088,0.07894736842105263,0.34210526315789475,0.4824561403508772,0.14035087719298245,0.37719298245614036
D00362,1,96.783,120,48.31125,19.211270744915694,0.8836416666666668,0.19160487051820724,0.041666666666666664,0.3416666666666667,0.48333333333333334,0.1,0.4166666666666667
D00363,1,81.132,102,49.4678431372549,17.53794243931863,0.8456274509803922,0.17220443409046787,0.10784313725490197,0.3431372549019608,0.45098039215686275,0.16666666666666666,0.38235294117647056
D00364,1,90.58,111,49.7245945945946,18.0351553555213,1.2668738738738738,0.4872813475839477,0.07207207207207207,0.36936936936936937,0.45045045045045046,0.13513513513513514,0.4144144144144144
D00365,1,81.504,105,49.86047619047619,19.501508589621015,1.077352380952381,0.32620330732600755,0.0380952380952381,0.3238095238095238,0.47619047619047616,0.1523809523809524,0.37142857142857144
D00366,1,95.59,120,52.025333333333336,18.884138688476163,1.4179166666666667,0.450672631652661,0.15833333333333333,0.2833333333333333,0.45,0.175,0.375
D00367,1,82.856,98,47.71071428571428,15.595918858840806,1.1412857142857142,0.4325065360824745,0.15306122448979592,0.336734693877551,0.3877551020408163,0.17346938775510204,0.4387755102040816
D00368,0,76.113,87,50.39459770114942,16.86219197347211,1.055551724137931,0.23475652927024857,0.05747126436781609,0.367816091954023,0.4367816091954023,0.22988505747126436,0.3333333333333333
D00369,1,85.436,106,50.817264150943394,18.185292148851595,1.2949245283018869,0.5660229085354894,0.1509433962264151,0.3113207547169811,0.44339622641509435,0.1509433962264151,0.4056603773584906
D00370,1,76.142,90,50.071666666666665,19.105956083514076,1.3418444444444444,0.5470533463171035,0.1111111111111111,0.3111111111111111,0.45555555555555555,0.12222222222222222,0.4222222222222222
D00371,1,64.586,81,49.79888888888889,18.619682126717414,0.932283950617284,0.2479989808641975,0.09876543209876543,0.30864197530864196,0.4567901234567901,0.16049382716049382,0.38271604938271603
D00372,1,77.846,104,48.12480769230769,19.310827939029796,0.9077596153846154,0.30582783485810305,0.11538461538461539,0.3269230769230769,0.41346153846153844,0.15384615384615385,0.4326923076923077
D00373,0,91.18,109,48.25651376146789,18.038639257220147,0.9676238532110092,0.2648055516479783,0.10091743119266056,0.3577981651376147,0.44954128440366975,0.13761467889908258,0.41284403669724773
D00374,1,87.137,105,52.987523809523815,16.87164022285693,0.8828952380952381,0.20612307545787545,0.08571428571428572,0.3238095238095238,0.5619047619047619,0.14285714285714285,0.29523809523809524
D00375,1,78.417,105,47.83657142857143,17.911966983243104,0.8827714285714285,0.24444617802197804,0.06666666666666667,0.3523809523809524,0.4666666666666667,0.13333333333333333,0.4
D00376,0,74.575,99,51.73313131313131,18.039604482658266,1.3846464646464647,0.7098781084312514,0.13131313131313133,0.3838383838383838,0.41414141414141414,0.1414141414141414,0.4444444444444444
D00377,1,76.205,93,48.37096774193548,17.4215454478765,1.0895806451612904,0.3720131591865358,0.06451612903225806,0.3978494623655914,0.3870967741935484,0.16129032258064516,0.45161290322580644
D00378,0,88.87,115,53.5284347826087,18.515089938300083,1.1056347826086956,0.34464223386727705,0.11304347826086956,0.34782608695652173,0.5739130434782609,0.11304347826086956,0.3130434782608696
D00379,0,79.06700000000001,101,53.92108910891089,19.276919717682603,1.2132376237623763,0.507807242970297,0.13861386138613863,0.297029702970297,0.5742574257425742,0.09900990099009901,0.32673267326732675
D00380,1,100.612,118,50.835,18.95346436772079,1.1214491525423729,0.4637833264522669,0.07627118644067797,0.5084745762711864,0.4830508474576271,0.16101694915254236,0.3559322033898305
D00381,1,82.689,110,51.616181818181815,18.048745056977687,1.3583,0.6717599000000002,0.18181818181818182,0.24545454545454545,0.4727272727272727,0.18181818181818182,0.34545454545454546
D00382,1,93.18599999999999,117,52.94188034188034,18.0906162059145,1.1966495726495727,0.5999935054524019,0.1282051282051282,0.358974358974359,0.5042735042735043,0.11965811965811966,0.37606837606837606
D00383,0,60.137,75,49.8328,17.294937046993244,1.0642,0.37512245945945943,0.12,0.32,0.3466666666666667,0.22666666666666666,0.4266666666666667
D00384,1,83.499,96,51.08229166666666,17.116315422436895,1.0830833333333334,0.32366917192982464,0.125,0.375,0.4791666666666667,0.16666666666666666,0.3541666666666667
D00385,1,77.984,92,51.39217391304348,18.978709345184207,1.3775434782608695,0.6456212838031533,0.15217391304347827,0.358695652173913,0.4891304347826087,0.10869565217391304,0.40217391304347827
D00386,1,106.182,131,50.08389312977099,18.274507152041863,1.306473282442748,0.6412105896652961,0.1297709923664122,0.3511450381679389,0.42748091603053434,0.1450381679389313,0.42748091603053434
D00387,1,88.316,117,49.98145299145299,18.531645174420316,1.4146666666666665,0.7865328103448278,0.1623931623931624,0.28205128205128205,0.38461538461538464,0.1452991452991453,0.4700854700854701
D00388,0,82.106,103,48.04699029126214,18.701939651683166,0.8740388349514563,0.23200435141823716,0.07766990291262135,0.39805825242718446,0.4174757281553398,0.11650485436893204,0.46601941747572817
D00389,0,68.865,88,51.41261363636364,18.58491141143391,1.3205,0.6167157011494253,0.07954545454545454,0.29545454545454547,0.4431818181818182,0.18181818181818182,0.375
D00390,1,78.857,99,49.60858585858586,17.657486821089257,1.2825656565656567,0.4880737584003299,0.18181818181818182,0.2727272727272727,0.3939393939393939,0.23232323232323232,0.37373737373737376
D00391,1,81.266,110,50.69418181818182,18.031708889376677,0.7794909090909091,0.1920608210175147,0.06363636363636363,0.38181818181818183,0.4727272727272727,0.19090909090909092,0.33636363636363636
D00392,1,87.229,107,49.219345794392524,18.482347890088036,1.1225140186915887,0.4092767427261507,0.102803738317757,0.3177570093457944,0.4392523364485981,0.14953271028037382,0.411214953271028
D00393,0,99.028,116,51.45448275862069,19.16016149268547,1.1699827586206895,0.4703415301349324,0.1206896551724138,0.35344827586206895,0.45689655172413796,0.14655172413793102,0.39655172413793105
D00394,1,80.748,101,44.72227722772277,18.849740310210542,0.7954851485148514,0.15081201227722768,0.039603960396039604,0.27722772277227725,0.38613861386138615,0.1485148514851485,0.46534653465346537
D00395,1,78.619,103,49.254757281553395,18.939442236888382,0.972252427184466,0.35799915134209026,0.04854368932038835,0.3786407766990291,0.42718446601941745,0.1553398058252427,0.4174757281553398
D00396,1,83.904,100,51.6417,18.28809653459282,1.35942,0.5796597208080806,0.19,0.29,0.41,0.19,0.4
D00397,0,83.703,104,49.5298076923077,18.6236809778986,0.9892115384615384,0.22231983831217322,0.0673076923076923,0.3269230769230769,0.4423076923076923,0.19230769230769232,0.36538461538461536
D00398,0,83.272,113,52.15469026548672,18.41943383993018,1.0343893805309734,0.32621856131479154,0.11504424778761062,0.3274336283185841,0.49557522123893805,0.12389380530973451,0.3805309734513274
D00399,0,75.842,100,48.8725,16.57893706764488,1.04229,0.3046912988888888,0.05,0.33,0.46,0.12,0.42
D00400,1,94.95,121,48.54743801652892,18.496935220414475,0.9857355371900827,0.28328712947658413,0.08264462809917356,0.34710743801652894,0.4380165289256198,0.1322314049586777,0.4297520661157025
D00401,1,86.288,100,52.712700000000005,17.32562881538459,1.3832900000000001,0.658341723131313,0.17,0.34,0.52,0.17,0.31
D00402,1,80.264,99,53.51787878787879,19.047998302501405,1.439141414141414,0.5327145512265511,0.1919191919191919,0.29292929292929293,0.45454545454545453,0.16161616161616163,0.3838383838383838
D00403,1,80.294,107,48.29607476635514,18.64568890215287,0.9055981308411215,0.28408643131722794,0.037383177570093455,0.3925233644859813,0.4766355140186916,0.056074766355140186,0.4672897196261682
D00404,1,67.232,88,52.28193181818181,18.859273998895418,1.36475,0.5768625804597701,0.26136363636363635,0.3522727272727273,0.48863636363636365,0.09090909090909091,0.42045454545454547
D00405,0,104.956,124,54.54419354838709,17.791278446903203,1.2893951612903225,0.6675945011146078,0.14516129032258066,0.3387096774193548,0.5645161290322581,0.0967741935483871,0.3387096774193548
D00406,0,74.828,94,49.30691489361703,17.846455027440115,1.0015531914893616,0.28117760466712427,0.05319148936170213,0.32978723404255317,0.4787234042553192,0.13829787234042554,0.3829787234042553
D00407,0,76.292,96,48.78145833333334,17.225568631919888,1.3076770833333333,0.5195813998903506,0.14583333333333334,0.28125,0.34375,0.11458333333333333,0.5416666666666666
D00408,0,88.37,107,47.14532710280374,18.60377053067555,0.7765420560747663,0.20048759019573265,0.037383177570093455,0.2897196261682243,0.4392523364485981,0.1308411214953271,0.42990654205607476
D00409,1,85.194,107,51.30682242990654,19.265340890290904,1.294570093457944,0.6995370587198027,0.1308411214953271,0.3364485981308411,0.4485981308411215,0.1588785046728972,0.3925233644859813
D00410,0,88.29899999999999,109,48.53119266055045,17.76627041067232,1.2485229357798164,0.36761928882093103,0.13761467889908258,0.3394495412844037,0.3944954128440367,0.1559633027522936,0.44954128440366975
D00411,1,75.359,104,51.69663461538461,18.770914891016382,1.335625,0.5042681589805824,0.11538461538461539,0.3269230769230769,0.4807692307692308,0.15384615384615385,0.36538461538461536
D00412,1,96.181,111,45.55936936936937,17.703707741049836,0.7799549549549549,0.22632495249795248,0.10810810810810811,0.27927927927927926,0.34234234234234234,0.16216216216216217,0.4954954954954955
D00413,1,72.038,99,49.988181818181815,18.208648391693412,1.4208585858585858,0.6174246940836943,0.09090909090909091,0.40404040404040403,0.42424242424242425,0.1414141414141414,0.43434343434343436
D00414,0,79.56099999999999,95,50.65273684210526,18.16618459233466,0.7825684210526315,0.1569305245240762,0.09473684210526316,0.3368421052631579,0.5684210526315789,0.11578947368421053,0.3157894736842105
D00415,1,81.317,104,50.27894230769231,17.440757249429637,0.9628269230769231,0.2713315425690814,0.0673076923076923,0.23076923076923078,0.4807692307692308,0.125,0.3942307692307692
D00416,1,87.65,106,45.78132075471698,18.28311899386304,0.9124905660377359,0.2368975856244385,0.07547169811320754,0.42452830188679247,0.3113207547169811,0.18867924528301888,0.5
D00417,1,80.552,104,50.28240384615385,18.41669280237558,1.266076923076923,0.482806557132188,0.19230769230769232,0.4519230769230769,0.4326923076923077,0.18269230769230768,0.38461538461538464
D00418,1,81.135,98,49.61316326530613,16.775680519755518,1.0050204081632654,0.20969270061014092,0.10204081632653061,0.3673469387755102,0.4489795918367347,0.24489795918367346,0.30612244897959184
D00419,0,70.518,87,50.9580459770115,16.423281605560312,1.3455057471264367,0.5544133924084469,0.13793103448275862,0.367816091954023,0.42528735632183906,0.1724137931034483,0.40229885057471265
D00420,1,90.246,112,51.5,18.720002310002172,1.233107142857143,0.5386206010296011,0.16964285714285715,0.38392857142857145,0.5089285714285714,0.125,0.36607142857142855
D00421,1,80.828,109,49.04009174311926,17.37123892122182,0.8617798165137615,0.16343680292218826,0.10091743119266056,0.4036697247706422,0.43119266055045874,0.1743119266055046,0.3944954128440367
D00422,1,83.528,100,46.3842,17.994612391243972,0.8226399999999999,0.18698689939393937,0.03,0.39,0.46,0.1,0.44
D00423,0,89.757,114,44.812894736842104,19.341982570988744,0.8130964912280702,0.16958672512032288,0.06140350877192982,0.32456140350877194,0.34210526315789475,0.12280701754385964,0.5350877192982456
D00424,1,82.803,104,50.901538461538465,17.241503255324364,1.225596153846154,0.5574163207617625,0.14423076923076922,0.3557692307692308,0.3942307692307692,0.25,0.3557692307692308
D00425,1,66.716,85,52.22211764705882,18.932385713256487,1.302458823529412,0.49781303697478985,0.2,0.35294117647058826,0.47058823529411764,0.15294117647058825,0.3764705882352941
D00426,1,92.042,111,49.11072072072072,19.051127702804546,0.9784954954954955,0.2836419613431614,0.08108108108108109,0.3333333333333333,0.4954954954954955,0.15315315315315314,0.35135135135135137
D00427,1,77.767,102,50.60941176470588,17.729301629906818,1.3678529411764704,0.7281555524170067,0.17647058823529413,0.27450980392156865,0.45098039215686275,0.13725490196078433,0.4117647058823529
D00428,0,79.299,98,46.62010204081632,18.7986859869205,0.8350306122448979,0.16151489596044605,0.08163265306122448,0.3163265306122449,0.4387755102040816,0.14285714285714285,0.41836734693877553
D00429,1,81.8,99,49.351919191919194,19.915151993700146,1.118959595959596,0.6258190799835085,0.13131313131313133,0.36363636363636365,0.40404040404040403,0.13131313131313133,0.46464646464646464
D00430,1,77.095,91,52.15835164835165,18.765218550625708,1.641901098901099,0.593869845665446,0.16483516483516483,0.3626373626373626,0.46153846153846156,0.14285714285714285,0.3956043956043956
D00431,1,72.167,91,52.49978021978021,17.860300979050468,1.4245054945054945,0.590167074969475,0.13186813186813187,0.3626373626373626,0.5164835164835165,0.10989010989010989,0.37362637362637363
D00432,1,82.227,106,53.32,19.53722278845472,1.2189150943396228,0.4672906689128481,0.11320754716981132,0.37735849056603776,0.5188679245283019,0.16981132075471697,0.3113207547169811
D00433,1,77.342,94,53.551276595744675,18.149146976846833,1.2658297872340425,0.6232514760924274,0.20212765957446807,0.23404255319148937,0.574468085106383,0.0851063829787234,0.3404255319148936
D00434,1,64.479,87,44.54666666666667,18.771138699131054,0.8500344827586207,0.14888212670408976,0.06896551724137931,0.367816091954023,0.3448275862068966,0.20689655172413793,0.4482758620689655
D00435,0,72.99,96,51.276562500000004,18.608910306518556,0.9417604166666668,0.28614873146929837,0.08333333333333333,0.3541666666666667,0.46875,0.19791666666666666,0.3333333333333333
D00436,1,78.033,93,45.23440860215054,18.921114411428306,0.8741182795698925,0.2072778010752688,0.0967741935483871,0.3763440860215054,0.3763440860215054,0.1935483870967742,0.43010752688172044
D00437,1,77.608,90,48.639,18.896168034934874,1.1125,0.4934959606741574,0.07777777777777778,0.32222222222222224,0.4666666666666667,0.1111111111111111,0.4222222222222222
D00438,1,92.816,115,51.82573913043478,18.525163070090784,1.354217391304348,0.49165675057208225,0.1391304347826087,0.3826086956521739,0.43478260869565216,0.14782608695652175,0.41739130434782606
D00439,0,80.491,94,52.748936170212765,17.723079568566273,1.2135744680851064,0.4610815804163805,0.10638297872340426,0.3404255319148936,0.5212765957446809,0.07446808510638298,0.40425531914893614
D00440,0,74.895,96,53.8753125,18.22925854964312,1.1776666666666666,0.4302711298245612,0.13541666666666666,0.375,0.53125,0.125,0.34375
D00441,0,83.629,107,45.24065420560748,19.197939024164146,0.8664485981308411,0.21430275912537475,0.056074766355140186,0.2897196261682243,0.3925233644859813,0.102803738317757,0.5046728971962616
D00442,0,80.262,101,51.38108910891089,18.89009157738469,1.363207920792079,0.5559944263366338,0.15841584158415842,0.33663366336633666,0.43564356435643564,0.13861386138613863,0.42574257425742573
D00443,0,89.93900000000001,107,45.96084112149533,17.772055663129894,0.921607476635514,0.23640546711338392,0.07476635514018691,0.35514018691588783,0.3364485981308411,0.18691588785046728,0.4766355140186916
D00444,0,84.676,100,49.073,19.154656764285175,0.93391,0.2389415978787878,0.04,0.27,0.43,0.14,0.43
D00445,1,76.484,97,49.04773195876289,19.377755530136575,1.1425257731958762,0.5247758560996562,0.13402061855670103,0.35051546391752575,0.4020618556701031,0.12371134020618557,0.4742268041237113
D00446,0,84.574,105,49.81161904761905,18.96138343519683,1.3165142857142857,0.8037230791208789,0.17142857142857143,0.3619047619047619,0.4,0.12380952380952381,0.47619047619047616
D00447,0,78.138,98,49.693673469387754,18.403246877789144,1.1133571428571427,0.3858803969072162,0.1326530612244898,0.35714285714285715,0.3979591836734694,0.20408163265306123,0.3979591836734694
D00448,1,81.823,100,46.7153,16.603983181298656,0.90739,0.15558201808080804,0.1,0.38,0.41,0.19,0.4
D00449,0,70.193,84,48.83571428571428,19.55583943762463,1.301642857142857,0.5025430034423409,0.08333333333333333,0.36904761904761907,0.44047619047619047,0.15476190476190477,0.40476190476190477
D00450,1,69.633,91,50.04692307692308,17.848578448985023,0.7924835164835164,0.17308105250305247,0.07692307692307693,0.27472527472527475,0.4945054945054945,0.14285714285714285,0.3626373626373626
D00451,1,79.312,95,51.01936842105263,19.561622425997534,1.2018,0.5525233319148937,0.14736842105263157,0.4105263157894737,0.42105263157894735,0.1368421052631579,0.4421052631578947
D00452,1,82.517,104,50.58346153846154,18.109242062979714,1.1978365384615386,0.4650717497199401,0.17307692307692307,0.2692307692307692,0.49038461538461536,0.0673076923076923,0.4423076923076923
D00453,0,84.709,105,46.198,17.54438900003689,0.8950476190476191,0.14835481501831504,0.0380952380952381,0.3238095238095238,0.41904761904761906,0.10476190476190476,0.47619047619047616
D00454,1,79.433,97,47.694123711340204,19.475410444571793,0.8176701030927834,0.2157050983676976,0.10309278350515463,0.36082474226804123,0.3917525773195876,0.17525773195876287,0.4329896907216495
D00455,0,69.27,92,50.35510869565218,19.032180641956284,0.9242717391304348,0.26138217809364545,0.043478260869565216,0.25,0.5,0.11956521739130435,0.3804347826086957
D00456,1,78.165,97,53.766701030927834,18.92344531932376,1.4394432989690722,0.64873174935567,0.1958762886597938,0.28865979381443296,0.5051546391752577,0.16494845360824742,0.32989690721649484
D00457,0,70.003,94,50.90202127659575,18.852522867010542,0.9746702127659574,0.4163089975978037,0.1276595744680851,0.39361702127659576,0.46808510638297873,0.1702127659574468,0.3617021276595745
D00458,0,85.737,108,50.74814814814815,18.683360188693676,1.250388888888889,0.488985847352025,0.16666666666666666,0.28703703703703703,0.4074074074074074,0.19444444444444445,0.39814814814814814
D00459,1,67.158,85,48.65105882352941,19.14608451973862,1.2352117647058822,0.42827502605042006,0.058823529411764705,0.3411764705882353,0.3764705882352941,0.16470588235294117,0.4588235294117647
D00460,0,82.715,111,50.699639639639635,18.28108853571849,1.2067837837837838,0.44822729828009816,0.10810810810810811,0.32432432432432434,0.46846846846846846,0.14414414414414414,0.38738738738738737
D00461,0,92.45,116,49.482672413793104,18.955067756820792,0.9257758620689656,0.15097619280359822,0.07758620689655173,0.35344827586206895,0.46551724137931033,0.15517241379310345,0.3793103448275862
D00462,1,72.719,85,53.433647058823524,17.552823531317365,1.4160588235294118,0.5602763655462185,0.2,0.27058823529411763,0.47058823529411764,0.18823529411764706,0.3411764705882353
D00463,1,80.859,101,48.006534653465344,18.63149126804634,0.9934851485148515,0.28451025227722776,0.0594059405940594,0.36633663366336633,0.38613861386138615,0.1782178217821782,0.43564356435643564
D00464,1,82.119,105,51.10028571428571,19.357836489944546,1.1710380952380952,0.36117371007326005,0.11428571428571428,0.23809523809523808,0.45714285714285713,0.18095238095238095,0.3619047619047619
D00465,1,71.277,94,51.15212765957447,16.30626120740659,1.1407872340425531,0.58772019080302,0.14893617021276595,0.2765957446808511,0.5106382978723404,0.18085106382978725,0.30851063829787234
D00466,0,87.524,110,51.43772727272727,17.974202903513707,1.1563818181818182,0.5085243299416181,0.1,0.33636363636363636,0.42727272727272725,0.21818181818181817,0.35454545454545455
D00467,1,80.093,99,49.22797979797979,18.482053456225348,1.3964545454545454,0.604812944341373,0.20202020202020202,0.32323232323232326,0.42424242424242425,0.1717171717171717,0.40404040404040403
D00468,0,85.232,102,45.141666666666666,17.216382601115335,0.8639803921568628,0.1712206728790526,0.08823529411764706,0.29411764705882354,0.38235294117647056,0.13725490196078433,0.4803921568627451
D00469,0,95.511,125,48.33752,16.975707579722798,1.103888,0.3770798421935483,0.112,0.36,0.432,0.144,0.424
D00470,1,94.895,119,44.57512605042017,17.177369812355362,0.9060756302521008,0.2644318501637943,0.08403361344537816,0.42016806722689076,0.33613445378151263,0.17647058823529413,0.48739495798319327
D00471,1,87.584,110,51.50190909090909,17.88388596071559,1.0610818181818182,0.3822794703085904,0.11818181818181818,0.3090909090909091,0.5,0.16363636363636364,0.33636363636363636
D00472,1,71.262,93,50.39419354838709,19.21349216399884,0.9214193548387096,0.24353702875175323,0.06451612903225806,0.3978494623655914,0.5161290322580645,0.12903225806451613,0.3548387096774194
D00473,1,91.693,110,50.824636363636365,18.086448963383816,0.9109272727272727,0.18349656346955803,0.10909090909090909,0.3,0.4818181818181818,0.14545454545454545,0.37272727272727274
D00474,1,65.256,83,47.33397590361446,18.663763700358693,1.114722891566265,0.25638391007934175,0.04819277108433735,0.3373493975903614,0.40963855421686746,0.1566265060240964,0.43373493975903615
D00475,0,88.929,112,51.377678571428575,18.86679603855985,0.9412053571428572,0.29417953402509645,0.125,0.33035714285714285,0.4732142857142857,0.15178571428571427,0.375
D00476,1,85.851,111,45.840900900900905,18.82868312633436,1.0394774774774775,0.3632032881244882,0.14414414414414414,0.3333333333333333,0.3783783783783784,0.11711711711711711,0.5045045045045045
D00477,0,96.897,112,50.76571428571429,17.814313797106415,1.1507500000000002,0.45771292792792795,0.125,0.26785714285714285,0.4732142857142857,0.13392857142857142,0.39285714285714285
D00478,1,81.155,97,52.811649484536076,16.850735869219253,1.2681958762886598,0.5811358466494847,0.08247422680412371,0.28865979381443296,0.5876288659793815,0.14432989690721648,0.26804123711340205
D00479,0,68.314,89,48.81887640449438,18.265927448157914,1.1077865168539327,0.35401955617977526,0.1348314606741573,0.38202247191011235,0.449438202247191,0.0898876404494382,0.4606741573033708
D00480,1,91.737,121,48.235950413223144,18.409573758351584,1.1650661157024795,0.35527704559228673,0.09090909090909091,0.4214876033057851,0.39669421487603307,0.1652892561983471,0.4380165289256198
D00481,1,73.748,92,49.0120652173913,19.125106940046823,1.0096521739130435,0.2888712183468706,0.09782608695652174,0.32608695652173914,0.45652173913043476,0.11956521739130435,0.42391304347826086
D00482,1,77.028,98,47.60591836734694,18.31490873953778,1.2509795918367348,0.49478478308436763,0.09183673469387756,0.40816326530612246,0.3979591836734694,0.12244897959183673,0.47959183673469385
D00483,1,85.646,105,47.78885714285714,17.378107487156498,1.0122857142857142,0.2387021291208791,0.11428571428571428,0.3142857142857143,0.4380952380952381,0.2,0.3619047619047619
D00484,1,83.285,98,46.93897959183674,17.96160415136412,0.8523367346938775,0.165281730801599,0.09183673469387756,0.30612244897959184,0.4489795918367347,0.10204081632653061,0.4489795918367347
D00485,1,80.463,99,50.54121212121212,18.113899797191895,1.0532828282828284,0.35520536817151105,0.1414141414141414,0.36363636363636365,0.42424242424242425,0.20202020202020202,0.37373737373737376
D00486,0,89.539,111,49.90171171171171,18.471379919603084,1.2133423423423424,0.36171264537264536,0.06306306306306306,0.34234234234234234,0.43243243243243246,0.18018018018018017,0.38738738738738737
D00487,1,77.698,96,49.1625,18.415630603547513,1.0571145833333333,0.223100291995614,0.07291666666666667,0.4270833333333333,0.46875,0.125,0.40625
D00488,1,87.408,109,50.73266055045871,17.777049740762916,1.1504036697247706,0.43447187257900094,0.11009174311926606,0.3486238532110092,0.42201834862385323,0.2018348623853211,0.3761467889908257
D00489,0,79.298,102,51.233921568627444,17.787955885037633,1.127078431372549,0.4574261125994953,0.0784313725490196,0.37254901960784315,0.49019607843137253,0.13725490196078433,0.37254901960784315
D00490,1,78.229,98,53.098775510204085,19.488660211407115,1.1798265306122449,0.4998957324847464,0.11224489795918367,0.3163265306122449,0.5102040816326531,0.15306122448979592,0.336734693877551
D00491,0,83.999,104,51.23644230769231,18.101532945773698,1.0320096153846152,0.4010117960231517,0.07692307692307693,0.3942307692307692,0.46153846153846156,0.16346153846153846,0.375
D00492,1,78.333,100,52.9692,18.059155023467074,1.2077,0.3637962323232325,0.12,0.27,0.53,0.08,0.39
D00493,0,75.742,91,49.85252747252747,16.987532722127366,1.0262527472527472,0.23874861318681312,0.04395604395604396,0.23076923076923078,0.42857142857142855,0.1978021978021978,0.37362637362637363
D00494,1,80.882,104,50.43182692307692,19.055152439537856,1.1576826923076924,0.6172313643577299,0.18269230769230768,0.3173076923076923,0.4326923076923077,0.15384615384615385,0.41346153846153844
D00495,1,74.185,92,48.16771739130435,17.477206952608572,1.274141304347826,0.26617205673674166,0.09782608695652174,0.391304347826087,0.391304347826087,0.17391304347826086,0.43478260869565216
D00496,1,77.893,94,48.859042553191486,16.988096596003892,1.0078191489361703,0.31407520350034324,0.11702127659574468,0.35106382978723405,0.43617021276595747,0.1595744680851064,0.40425531914893614
D00497,1,70.053,89,45.536404494382026,18.457942380596876,1.2663258426966293,0.425473131256384,0.07865168539325842,0.3595505617977528,0.2696629213483146,0.21348314606741572,0.5168539325842697
D00498,0,81.862,103,47.25504854368933,18.400369448219067,0.9577766990291262,0.3369662143537025,0.04854368932038835,0.30097087378640774,0.4077669902912621,0.1262135922330097,0.46601941747572817
D00499,1,91.358,120,50.736583333333336,17.906525194208182,1.1005083333333334,0.32558988228291313,0.125,0.30833333333333335,0.425,0.21666666666666667,0.35833333333333334
